Line 1,Line 2,Link
"2009å¹´æ‹³ç‹æ³°æ£®é–‹å§‹ç´ é£Ÿï¼Œæ‹è‘‰å•3æ™‚å·²ç¶“æ¸›é‡æˆåŠŸäº†ï¼  ","Mike Tyson's weight loss and Vegan diet",http://rockhardphysique.blogspot.tw/2011/05/mike-tysons-weight-loss-and-vegan-diet.html?m=1
"å½±ç‰‡ï¼šé’èŠ±æ¤°è‹—ã€è‹œè“¿èŠ½å°èŠ½èœæŠ—ç™Œæ•ˆæœä½³","ï½ èŠ½èœå¯ä»¥è‡ªå·²ç¨®ï¼",https://www.youtube.com/watch?v=OEuvSTrCx2Y&t=1875s
"æ•´å…¨è”¬é£ŸæŒ‡å—ï¼šæ”å–åŸå½¢è”¬æœã€ç©€è±†ã€ç¨®å­å’Œå …æœç­‰ï¼Œ","é¿å…å‹•ç‰©æ€§é£Ÿç‰©ã€ç²¾è£½é£Ÿå“ã€æ·»åŠ ç³–èˆ‡æ²¹ï¼Œå¤šé¸è³¼åœ¨åœ°æœ‰æ©Ÿè¾²ç”¢å“ã€‚",https://www.wfpblifestyle.org/guidelines
"Business Insiderï¼šç”Ÿæ„å·® ç¾åœ‹ç´ç´„æœ€å¤§ç‰›å¥¶æ¥­è€…å·¥å» å€’é–‰ï¼Œ","æ”¹åšå…¨æ¤ç‰©å …æœå¥¶ ç”Ÿæ„è’¸è’¸æ—¥ä¸Š",https://www.businessinsider.com/dairy-farm-nut-milks-elmhurst-2017-4
"COWSPIRACYã€Šå¥¶ç‰›é™°è¬€ï¼šæ°¸é ä¸èƒ½èªªçš„ç§˜å¯†ã€‹","ç‚ºä½•æ°‘çœ¾ä¸çŸ¥é“é£Ÿç”¨å‹•ç‰©ç”¢å“åœ¨æ°£å€™è®Šé·ä¸­é€ æˆæ¯”å…¨çƒé‹è¼¸æ¥­æ›´å¤§çš„å‚·å®³ï¼Ÿ",http://www.godsdirectcontact.org.tw/ch/news/214/cowspiracy-veganism-is-vital-if-we-want-a-future-on-earth/
"IPCCå ±å‘Šï¼šå¿…é ˆæ”¹è®Šç³§é£Ÿç”Ÿç”¢åŠåœŸåœ°é‹ç”¨æ–¹å¼ -- ","æ‡‰æ¸›å°‘è‚‰é¡æ¶ˆè²»ä»¥é™ä½ç”²çƒ·æ’æ”¾",https://www.theguardian.com/environment/2019/aug/03/ipcc-land-use-food-production-key-to-climate-crisis-leaked-report
"WHO: ç«è…¿é¦™è…¸...ç­‰åŠ å·¥è‚‰å“ç‚º1ç´šè‡´ç™Œç‰©ï¼Œ","èˆ‡é¦™è¸åŒåˆ—1ç´šã€Œå¼•ç™¼è‡´ç™Œã€ï¼Œ ç´…è‚‰åˆ—2Aç´šã€Œå¯èƒ½è‡´ç™Œã€",https://health.udn.com/health/story/6037/1274489
"ã€CNNã€‘ç´ç´„å¸‚é•·äºç•¶æ–¯ï¼šæˆ‘ç”¨è”¬é£Ÿé€†è½‰äº†ç³–å°¿ç—…ï¼Œ","ç¾åœ¨æˆ‘æƒ³å¹«åŠ©ç¾åœ‹è®Šå¾—å¥åº· ",https://edition.cnn.com/2022/09/27/opinions/america-diabetes-obesity-crises-eric-adams
"ç ”ç©¶ï¼šå°è¨±å¤šäººä¾†èªªï¼Œåƒå¤ªå¤šè‚‰å¯èƒ½æ˜¯è¿«æ–¼ç¤¾æœƒå£“åŠ›ã€€â€”","ä¸€å€‹ç´ é£Ÿæˆå“¡å­˜åœ¨å°±èƒ½ç·©è§£é€™å€‹ç¤¾æœƒå£“åŠ›ã€‚",https://www.mdpi.com/2071-1050/11/14/3936
"ä¹æšå¥§é‹é‡‘ç‰Œå¾—ä¸»å¡çˆ¾Â·åŠ‰æ˜“æ–¯ï¼ˆCarl Lewisï¼‰ï¼š","å…¨æ•´è”¬é£Ÿå¤§å¹…æ”¹å–„å¥åº·å’Œé‹å‹•è¡¨ç¾",https://www.drmcdougall.com/health/education/podcast/carl-lewis/
"å¼µå­¸å‹é é€™æ¨£åƒ62æ­²æ²’å°è…¹ï¼","80æ­²åé†«ä¸€åƒå°±æ˜¯40å¹´",https://health.tvbs.com.tw/regimen/347019
"å¤§è±†ä¸‰å…„å¼Ÿï¼š","é»ƒè±†ã€é»‘è±†ã€æ¯›è±†",http://www.foodnext.net/life/health2/paper/4739510750
"ã€TIMEã€‘ã€FORTUNEã€‘ç·©è§£æ°£å€™æš–åŒ–çš„é—œéµï¼š","ç‚ºä»€éº¼ä½ å¿…é ˆå°‘åƒé»ç‰›è‚‰ï¼Ÿ",https://www.thenewslens.com/feature/timefortune/123620
"å¤§å°æ¼”å¡éº¥éš†åŠä»–çš„å¤«äººç‚ºä½•æ¡å…¨æ•´è”¬é£Ÿï¼Ÿ","The Day My Food World Turned Upside Down-- by Suzy Amis Cameron",http://www.huffingtonpost.com/suzy-amis-cameron/the-day-my-food-world-turned-upside-down_b_7740468.html
"å¤§å°æ¼”å¡éº¥éš†è‡ª2012èµ·æ¡å…¨æ•´è”¬é£Ÿï¼š","èº«ææ¯”äºŒåå¤šæ­²æ™‚æ›´å¥½ã€é«”èƒ½æ›´å¥½ï¼Œå…ç–«ç³»çµ±å …å¦‚ç£çŸ³ï¼Œå¥½å¹¾å¹´æ²’æœ‰ç”Ÿç—…ï¼",http://www.jamescamerononline.com/QAJAMESCAMERON.htm
"å¤§å°æ¼”å¡éº¥éš†çš„ç´€éŒ„ç‰‡ã€ŠèŒ¹ç´ çš„åŠ›é‡ã€‹The Game Changer","ç´ é£Ÿé‹å‹•å“¡æ‰“è‡‰è›‹ç™½è³ªç¥è©±",https://youtu.be/qO-67wHAxb8
"åˆ†æï¼šä¾†è‡ªç•œç‰§æ¥­çš„æº«å®¤æ°£é«”æ’æ”¾å¯èƒ½ä½” 51%","Livestock and Climate Change: What if the key actors in climate change are...cows, pigs, and chickens?",http://magazine.godsdirectcontact.net/chinese-t/205/so_34.htm
"å¤šèœå°‘è‚‰å°±å°äº†ï¼","ç§‘å­¸å®¶æ¨å‡ºæ‹¯æ•‘ä¸–ç•Œçš„ã€Šåœ°çƒå¥åº·é£²é£ŸæŒ‡å—ã€‹",https://e-info.org.tw/node/216120
"å¥åº·æ°¸çºŒçš„åŠ æ‹¿å¤§é£²é£ŸæŒ‡å—ï¼š","å¥¶é¡ä¸æ˜¯å¿…éœ€å“",https://www.twvns.org/info/story/355-2019-02-01-01-41-01
"æ¯”çˆ¾ï¼è“‹èŒ²ä¹Ÿã€Œæ½®ã€ç´ é£Ÿï¼š","é˜¿è«¾ï¼å²ç“¦è¾›æ ¼å‘Šè¨´ä½ ã€ŒèŒ¹ç´ çš„åŠ›é‡ã€æœ‰å¤šå¤§ï¼",https://vocus.cc/@lintingan/5df2ce99fd897800010e1597
"åŠ å·¥è‚‰å“ ","è¢« WHO åœ‹éš›ç™Œç—‡ç ”ç©¶æ©Ÿæ§‹åˆ—ç‚ºï¼‘ç´šè‡´ç™Œç‰©",https://zh.wikipedia.org/wiki/1%E7%B1%BB%E8%87%B4%E7%99%8C%E7%89%A9
"åŠ æ‹¿å¤§å¥åº·é£²é£ŸæŒ‡å—ï¼š","åšå®˜è¦æ•¢æ–¼å¾—ç½ªå¤§è²¡åœ˜ (è­šè•™èŠ¸)",https://www.facebook.com/wwviviantam/posts/2097788456976235/
"åŠ æ‹¿å¤§é£²é£ŸæŒ‡å— å€¡å°æ¤ç‰©æ€§é£²é£Ÿï¼š","ç ”ç©¶é¡¯ç¤ºæ¤ç‰©ç‚ºä¸»çš„é£²é£Ÿèƒ½æ¸›å°‘ä¸€ç³»åˆ—æ…¢æ€§ç—…",https://healthmedia.com.tw/main_detail.php?id=42114
"åŠ æ‹¿å¤§å¥åº·é£²é£ŸæŒ‡å— â”€","ç‚ºä»€éº¼ç‰›å¥¶é¡ã€ç´”æœæ±å‡ºå±€ï¼Ÿ",https://www.commonhealth.com.tw/article/79125
"åŠ æ‹¿å¤§é£Ÿç‰©æŒ‡å—ï¼šæ¤ç‰©æ€§é£²é£Ÿæœ‰ç›Šå¥åº·ï¼Œ","é¤ç›¤çš„ä¸€åŠæ˜¯æ¤ç‰©å’Œæ°´æœï¼ŒÂ¼æ˜¯è›‹ç™½è³ªï¼Œè›‹ç™½è³ªçš„ä¾†æºä»¥è±†é¡ç‚ºä¸»ï¼Œè‚‰é¡ä»½é‡å¾ˆå°",https://healthylives.tw/Article/pq3fUTLscnG.html
"å¥¶è¾²æ­£åœ¨å°‡åœŸåœ°è½‰æ›ç‚ºæä»å¢æ—ï¼","It's Finally Happening â€¦ Dairy Farmers Are Converting Land to Almond Groves!",http://www.onegreenplanet.org/news/dairy-farmers-are-converting-land-to-almond-groves/
"è”¬èœå¾ˆå¥åº·ï¼Œä½†ç”¨éŒ¯çƒ¹ç…®æ–¹æ³•ï¼Œåƒå†å¤šä¹Ÿæ²’ç”¨ï¼","æ°´ç‚’æ³•ä¿ç•™æ›´å¤šç‡Ÿé¤Šç´ ï¼Œæœ€å¾Œæ‰æ”¾æ²¹ï¼Œä¸ç”¢ç”Ÿæ²¹ç…™ï¼Œæ²¹ä¹Ÿä¸æœƒè£‚è®Š",https://today.line.me/tw/v2/article/EXvGYRR
"åƒç´ ä¹Ÿèƒ½ç·´å°±å¤§å¡Šé ­ï¼šå°¼é‚Â·å¾·çˆ¾åŠ å¤šï¼ˆNimai Delgadoï¼‰","ä¾†è‡ªå°åº¦çš„å¥é«”é¸æ‰‹ã€æ©Ÿæ¢°å·¥ç¨‹å¸«",https://kknews.cc/zh-tw/world/r5yky94.html
"å¥é«”é¸æ‰‹å°¼é‚Â·å¾·çˆ¾åŠ å¤šï¼ˆNimai Delgadoï¼‰","æ¤ç‰©æ€§é£²é£Ÿæˆå°±äº†æˆ‘ -- å®ƒä¹Ÿèƒ½æ”¹è®Šä½ äººç”Ÿ | Talks at Google",https://youtu.be/e-VNXCSGgsg
"åƒç´ ä¾¿ä¾¿é †äº† ","- é¤Šç”Ÿå¾é£Ÿé–‹å§‹",http://health.udn.com/health/story/6037/1949559
"ã€Šéè—¥è€Œç™’ã€‹ä¸€å ´å¸­æ²å…¨çƒçš„é¤æ¡Œé©å‘½ â”€ ","é‡è¦çš„ä¸æ˜¯åƒä»€éº¼ï¼Œè€Œæ˜¯ä¸åƒä»€éº¼ï¼",https://www.books.com.tw/products/0010905361
"ã€Šé£²é£Ÿå¯†ç¢¼ã€‹-é†«ç™‚ç§‘æŠ€é€²æ­¥ï¼Œç‚ºä½•äººé¡é›¢å¥åº·å»è¶Šä¾†è¶Šé ï¼Ÿ","é¢å°ç™Œç—‡ã€æ…¢æ€§ç—…ï¼Œä½ æ‰€èƒ½åšçš„ï¼Œå°±æ˜¯ã€Œæ¤ç‰©æ€§é£²é£Ÿã€ï¼",http://www.wunan.com.tw/bookdetail.asp?no=10939
"ã€Šé—œéµé£²é£Ÿã€‹","- é»ƒå»ºå‹³é†«å¸«ç­‰31ä½é†«å­¸å°ˆå®¶èˆ‡ç‡Ÿé¤Šå¸«åˆè‘—",http://www.wunan.com.tw/bookdetail.asp?no=10688
"åŠ æ‹¿å¤§å¥åº·é£²é£ŸæŒ‡å—ï¼šè”¬æœé¡Â½ï¼Œè›‹ç™½è³ªé¡Â¼ï¼Œå…¨ç©€é¡Â¼ï¼Œå¤šå–æ°´ï¼Œ","åƒåŸå‹é£Ÿç‰©ï¼Œæ‰€æœ‰å…¥å£çš„æ±è¥¿éƒ½è¦ä¸‰æ€",https://www.canada.ca/en/health-canada/services/canada-food-guide/resources/snapshot/languages/traditional-chinese-chinois-traditionnel.html
"å¥½å£é›£è¾¨çš„ç‡Ÿé¤Šæˆåˆ† â”€â”€ ç”²ç¡«æ°¨é…¸ (è›‹èƒºé…¸) ","æ—ä½‘ã€Šé†«ï¼è—¥ï¼äººã€‹ ç¬¬ 171 æœŸ",http://www.3phk.com/v5article.asp?id=3220
"å¦‚ä½•é é˜²ç³–å°¿ç—…ï¼Ÿ","How Not to Die from Diabetes",https://nutritionfacts.org/2019/10/08/how-not-to-die-from-diabetes/
"æˆç‚ºç´ é£Ÿè€…ä¸¦ç·´å‡ºä¸€èº«è‚Œè‚‰ï¼Œ","é€™ä½å¸¥å“¥åˆ°åº•ç¶“æ­·äº†ä»€éº¼ï¼Ÿ",https://kknews.cc/news/2m8yjk9.html
"è‰¯å¥½çš„é£²é£Ÿä¸åƒ…èƒ½è®Šç¾ï¼Œé‚„èƒ½æ”¹è®Šå‘½é‹ï¼","æ¤ç‰©æ€§é£²é£Ÿæ”¹è®Šäººç”Ÿçš„æ•…äº‹ã€ç´ é£Ÿè—äºº",https://kknews.cc/health/j4b39ql.html
"ä¹³è£½å“èˆ‡å‰åˆ—è…ºç™Œæœ‰é—œï¼Œ","æ¤ç‰©æ€§é£²é£Ÿé™ä½äº†é¢¨éšª",https://www.newsweek.com/eating-dairy-products-prostate-cancer-plant-based-diets-risk-1466662
"æ‰€æœ‰è›‹ç™½è³ªéƒ½æºè‡ªæ¤ç‰©ï¼Œ","è‚‰é¡åªæ˜¯æ“”ç•¶æ©‹æ¨‘çš„è§’è‰²",https://bit.ly/3bDMfkI
"é˜¿å‡¡é”å¤§å°æ¼”å¡éº¥éš†ï¼š","æ¤ç‰©æ€§é£²é£Ÿæ‰æ˜¯çœŸæ­£çš„ç’°ä¿ï¼",https://kknews.cc/entertainment/9yo6r4b.html
"ä¿å¥é£Ÿå“èˆ‡è—¥ç‰©ä¸¦ç”¨ï¼Œæå±å®³å¥åº·ï¼š","æœç”¨æŠ—ç”Ÿç´ æœŸé–“ ç›Šç”ŸèŒåƒäº†ä¹Ÿæ˜¯ç™½åƒï¼›å…ç–«åŠ›å·®è€…å¢åŠ æ„ŸæŸ“é¢¨éšª",https://health.udn.com/health/story/6034/2441454?f=fcmpush
"ç‰›å¥¶ã€è¬Šè¨€èˆ‡å…§å¹•ï¼ˆä¸‰ç‰ˆï¼‰","ç§‘å­¸è­‰æ“šèªªæ˜éå¤šç‰›å¥¶åŠ é€Ÿéª¨è³ªç–é¬†ã€ç³–å°¿ç—…ã€éæ•ï¼Œä»¥åŠå¤šç¨®ç™Œç—‡",https://www.books.com.tw/products/0010836426
"ç ”ç©¶ï¼šå¤šèœã€å°‘è‚‰ï¼Œå…¼é¡§å€‹äººå¥åº·èˆ‡ç’°å¢ƒæ°¸çºŒ","EATâ€“Lancet Commission on healthy diets from sustainable food systems",https://www.thelancet.com/commissions/EAT
"ç ”ç©¶ï¼šå¤§å¹…ç”Ÿæ´»å‹æ…‹æ”¹è®Šå¯å½±éŸ¿å‰åˆ—è…ºç™Œçš„é€²å±• ","Intensive Lifestyle changes may affect the progression of prostate cancer",https://doi.org/10.1097/01.ju.0000169487.49018.73
"ç ”ç©¶ï¼šå¿ƒçµç—›  ","æ¡ç”¨æ¤ç‰©æ€§é£²é£Ÿå¿«é€Ÿæ”¹å–„",https://doi.org/10.1016/S0002-8703(77)80080-X
"ç ”ç©¶ï¼šæ°´æœæˆ–è”¬èœæ”å–èˆ‡éé…’ç²¾æ€§è„‚è‚ªè‚ç„¡é—œè¯ ","No association between fruits or vegetables and non-alcoholic fatty liver disease in middle-aged men and women",https://doi.org/10.1016/j.nut.2018.10.016
"ç ”ç©¶ï¼šç‰›ç™½è¡€ç—…ç—…æ¯’æš´éœ²èˆ‡ä¹³è…ºç™Œç›¸é—œ--","æ¼¢å ¡è‚‰ã€ç‰›ä¹³éƒ½æ˜¯å¯èƒ½æ„ŸæŸ“æº",https://www.ncbi.nlm.nih.gov/pmc/articles/PMC4557937/
"ç ”ç©¶ï¼šä»¥é«˜ç¢³æ°´ã€é«˜çº–ç¶­é£²é£Ÿæ²»ç™‚ç”·æ€§ç³–å°¿ç—…æ‚£","High-carbohydrate, high-fiber diets for insulin-treated men with diabetes mellitus",https://doi.org/10.1093/ajcn/32.11.2312
"ç ”ç©¶ï¼šåƒéé‡é£½å’Œè„‚è‚ªï¼Œ","æœƒå¢åŠ æ—©æœŸæ­»äº¡çš„é¢¨éšª",https://www.theguardian.com/lifeandstyle/2016/jul/05/more-saturated-fats-raises-risk-early-death-large-harvard-study
"ç ”ç©¶ï¼šæœ‰æ©Ÿå¤§è±†æœ€å¥åº·ï¼Œæœ‰æ›´å¤šçš„è›‹ç™½è³ªã€é‹…ã€ç³–è³ªå’Œçº–ç¶­","Food Chemistry, Volume 153, 15 June 2014, Pages 207â€“215",http://dx.doi.org/10.1016/j.foodchem.2013.12.054
"ç ”ç©¶ï¼šä½è„‚é«˜çº–é£²é£Ÿå’Œé‹å‹•é™ä½ä¹³è…ºç™Œå±éšªå› ç´ å’Œè…«ç˜¤ç´°èƒç”Ÿé•·","Effect of a Low-Fat, High-Fiber Diet and Exercise Intervention on Breast Cancer Risk Factors and Tumor Cell Growth & Apoptosis",https://doi.org/10.1207/s15327914nc5501_4
"ç ”ç©¶ï¼šç´…è‚‰èˆ‡åŠ å·¥è‚‰æé«˜çµè…¸ç›´è…¸ç™Œçš„é¢¨éšª ","â€¦ red meat and processed meat convincingly increases CRC risk by 20-30% â€¦",https://www.ncbi.nlm.nih.gov/pmc/articles/PMC4698595/
"ã€TIMEã€‘ç ”ç©¶ï¼šéˆ£æ”å–å»ºè­°é‡å¯èƒ½å¤ªé«˜äº† ","â€¦è¶…é 700-800 æ¯«å…‹ï¼Œéˆ£ä¼¼ä¹ä¸å†å¢åŠ éª¨éª¼å¥åº·â€¦ It's all about balance.",http://healthland.time.com/2011/05/25/study-u-s-calcium-guidelines-may-be-too-high/
"ç ”ç©¶ï¼šç¾åœ‹ç‡Ÿé¤Šå­¸æœƒç«‹å ´è²æ˜ - ","è”¬é£Ÿä¸åƒ…èƒ½ä¿è­·ç’°å¢ƒï¼Œæ›´èƒ½æ¸›å°‘æ…¢æ€§ç—…ï¼Œå¦‚ï¼šå† å¿ƒç—…ã€ç¬¬äºŒå‹ç³–å°¿ç—…ã€é«˜è¡€å£“ã€æŸäº›ç™Œç—‡èˆ‡è‚¥èƒ–ç—‡ã€‚",http://dx.doi.org/10.1016/j.jand.2016.09.025
"ç ”ç©¶ï¼šé™åˆ¶è‚‰ã€é­šã€ç¦½é¡æ”å–æ”¹å–„æƒ…ç·’","Restriction of meat, fish, and poultry in omnivores improves mood: A pilot randomized controlled trial",https://nutritionj.biomedcentral.com/articles/10.1186/1475-2891-11-9
"ç ”ç©¶ï¼šè”¬é£Ÿæœ‰åŠ©æ–¼å¥åº·çš„æƒ…ç·’ç‹€æ…‹ ","Vegetarian diets are associated with healthy mood states: a cross-sectional study in Seventh Day Adventist adults",https://nutritionj.biomedcentral.com/articles/10.1186/1475-2891-9-26
"ç ”ç©¶ï¼šé«˜ç‰›å¥¶æ”å…¥é‡èˆ‡ç”·å¥³æ­»äº¡ç‡åŠéª¨æŠ˜é¢¨éšªç›¸é—œ ","Milk intake and risk of mortality and fractures in women and men: cohort stardies",http://www.bmj.com/content/349/bmj.g6015.long
"ç ”ç©¶ï¼šé«˜è„‚é£²é£Ÿæœƒå¢åŠ æ‚£ç³–å°¿ç—…çš„é¢¨éšª ","High fat diets linked to increased risk of diabetes",https://www.consumeraffairs.com/news/high-fat-diets-linked-to-increased-risk-of-diabetes-081319.html
"ç ”ç©¶ï¼šå‹•ç‰©è›‹ç™½(è‚‰ã€è›‹ã€å¥¶)å¢åŠ è…è‡Ÿè² æ“” ","Dietary acid load and chronic kidney disease among adults in the United States",https://bmcnephrol.biomedcentral.com/articles/10.1186/1471-2369-15-137
"åº·ä¹ƒçˆ¾æ•™æˆäºŒåä¸ƒå¹´ç ”ç©¶ï¼š","å‹•ç‰©è›‹ç™½æ¥µå¯èƒ½ç‚ºè‡´ç™Œç‰© -- Dr. T. Colin Campbell",http://nutritionstudies.org/animal-vs-plant-protein/
"ç ”ç©¶ï¼šå‹•è„ˆç²¥æ¨£ç¡¬åŒ–æ˜¯æœ€å®¹æ˜“åœ¨å¯¦é©—å®¤ç”¢ç”Ÿçš„ç–¾ç—…ä¹‹ä¸€ï¼Œä½†æ¥å—è€…å¿…é ˆæ˜¯é£Ÿè‰å‹•ç‰© ","Facts and principles learned at the 39th Annual Williamsburg Conference on Heart Disease",https://www.ncbi.nlm.nih.gov/pmc/articles/PMC3603726/
"ç ”ç©¶ï¼šè¨±å¤šè”¬èœçš„éˆ£è³ªæ¯”ç‰›å¥¶æ›´å®¹æ˜“å¸æ”¶ï¼š51% vs 46% ","Absorbability of Calcium from Brassica Vegetables: Broccoli, Bok Choy, and Kale",https://doi.org/10.1111/j.1365-2621.1993.tb06187.x
"ç ”ç©¶ï¼šæ¤ç‰©æ€§é£²é£Ÿæ¸›å°‘73%æ–°å† é‡ç—‡","ä½ç¢³æ°´ã€é«˜è›‹ç™½é£²é£Ÿæœƒæé«˜é‡ç—‡ç‡",http://dx.doi.org/10.1136/bmjnph-2021-000272
"æ²’å–å¥¶ä¹Ÿæœƒåƒåˆ°å¥¶ï¼Ÿå°ç£å¹³å‡æ¯äººæ¯å¹´é£Ÿç”¨3å…¬æ–¤å¥¶ç²‰ï¼","å¥¶ç²‰å¸¸è¢«ç”¨æ–¼ç³•é¤…ã€é¤é£²åŠåŠ å·¥é£Ÿå“â€¦",https://www.foodnext.net/science/scsource/paper/4357958091
"ç ”ç©¶ï¼šæ¸›å°‘æ”å–è›‹èƒºé…¸ å¯æŠ‘åˆ¶è…«ç˜¤ -- ","Dietary methionine influences therapy in mouse cancer models and alters human metabolism",https://health.udn.com/health/story/10561/3965404
"ç ”ç©¶ï¼šé«˜è„‚é£²é£Ÿèˆ‡è‚¥èƒ–ã€ç‚ç—‡ã€å’Œèƒ°å³¶ç´ é˜»æŠ—ä¹‹é–“æœ‰æ˜é¡¯é—œè¯","UHN scientists discover the critical role played by gut immune cells in obesity-related insulin resistance",https://www.uhn.ca/corporate/News/Pages/UHN_scientists_discover_the_critical_role_played_by_gut_immune_cells_in_obesity_related_insulin_resistance.aspx
"ç ”ç©¶ï¼šè†³é£Ÿè†½å›ºé†‡æˆ–é›è›‹æ”å–çš†æé«˜å¿ƒè¡€ç®¡ç–¾ç—…é¢¨éšªå’Œæ•´é«”æ­»äº¡ç‡ ","Associations of Dietary Cholesterol or Egg Consumption With Incident Cardiovascular Disease and Mortality",https://www.doi.org/10.1001/jama.2019.1572
"å½±ç‰‡ï¼šé£²é£Ÿå°äººçš„å½±éŸ¿æœ‰å¤šå¤§ï¼Ÿ","ç ”ç©¶åˆ†äº«ï¼äººå¦‚å…¶é£Ÿ-é›™èƒèƒé£²é£Ÿå¯¦é©—",https://youtu.be/5EPlaXFVv04
"ç ”ç©¶ï¼šå¤šæ•¸äººèªç‚ºè‡ªå·±æ˜¯é›œé£Ÿå‹•ç‰©ï¼Œä½†åŸºæœ¬ä¸Šäººé¡å…·æœ‰é£Ÿè‰å‹•ç‰©çš„ç”Ÿç†ç‰¹å¾µ ","Facts and principles learned at the 39th Annual Williamsburg Conference on Heart Disease",https://www.ncbi.nlm.nih.gov/pmc/articles/PMC3603726/
"ç ”ç©¶ï¼šç‚ºä½•æ”å–ä½éˆ£é£²é£Ÿçš„äººç¾¤éª¨æŠ˜è¼ƒå°‘ ï¼Ÿ","å¯Œå«æ°´æœå’Œè”¬èœçš„é£²é£Ÿæœ‰åˆ©æ–¼é é˜²éª¨æŠ˜",https://doi.org/10.1093/ajcn/74.5.571
"ç ”ç©¶è¡¨æ˜ï¼Œåƒ…æ˜¯é‹å‹•ä¸¦ä¸æœƒå°è‡´é«”é‡æ¸›è¼• ","The myth of ripped muscles and calorie burns",https://www.latimes.com/health/la-he-fitness-muscle-myth-20110516-story.html
"ç§‘å­¸å®¶æ¨æ•‘åœ°çƒå¥åº·é£²é£Ÿï¼šå°‘è‚‰å¤šèœå°±å°äº†ï¼ ","The EAT-Lancet Commission on Food, Planet, Health",https://eatforum.org/eat-lancet-commission/eat-lancet-commission-summary-report/
"ç ”ç©¶ï¼š","èˆ‡è‚‰é£Ÿç›¸æ¯”ï¼Œæ¤ç‰©æ€§é£²é£Ÿåœ¨æ­·å²ä¸Šæ›´é•·ä¹…ã€æ›´é‡è¦",https://doi.org/10.1017/S0029665199000300
"ç´€éŒ„ç‰‡ï¼šã€Šé£²é£Ÿèˆ‡å¥åº·2017ã€‹ ","What the health",https://youtu.be/iV4x7pg0bCo
"ç´€éŒ„ç‰‡ï¼šã€ä½ åƒä»€éº¼å¾ˆé‡è¦ 2018ã€‘ ","H.O.P.E â€” What You Eat Matters",https://www.bilibili.com/video/av22983322/
"ç´€éŒ„ç‰‡ï¼šCOWSPIRACY: The Sustainability Secret ","ç‚ºä½•ä¸»è¦ç’°ä¿çµ„ç¹”å¿½è¦–äº†ç•œç‰§æ¥­ã€æ¼æ¥­ï¼Œä»¥åŠå°å‹•ç‰©è£½å“çš„éœ€æ±‚ï¼Œæ˜¯ç’°å¢ƒç ´å£çš„é‡è¦åŸå› ï¼Ÿ",https://youtu.be/dKixulLnHBY
"ç´€éŒ„ç‰‡ï¼šEating You Aliveã€äººå‘½ç‰²åƒã€‘","é£Ÿç‰©æ˜¯è¨±å¤šæ…¢æ€§ç—…çš„ç—…å›  â€¦ ä¹Ÿæ˜¯è§£è—¥",https://youtu.be/JEV22ioTvQc
"ç´€éŒ„ç‰‡ï¼šåˆ€å‰ä¸‹çš„ç§˜å¯†ï¼ˆForks Over Knivesï¼‰","-- è®“å¤§å°æ¼”è©¹å§†æ–¯å¡éº¥éš†(éµé”å°¼ã€é˜¿å‡¡é”)å¾¹åº•æ”¹è®Šé£²é£Ÿçš„ç´€éŒ„ç‰‡",https://v.youku.com/v_show/id_XMTc4MDUwMDE0MA==.html?spm=a2h0c.8166622.PhoneSokuUgc_2.dtitle
"ç´€éŒ„ç‰‡ï¼šå¾®å¦™çš„å¹³è¡¡ -- å¤§å¤šæ•¸äººæ²’æœ‰æ„è­˜åˆ°åœ¨åƒä¸‹ä¸€å¡Šè‚‰æ™‚ï¼Œ","ä¹Ÿåƒä¸‹äº†æ£®æ—ã€åƒä¸‹äº†æ°´è³‡æºã€åƒä¸‹äº†ç´”æ·¨çš„ç©ºæ°£ã€åƒä¸‹äº†åœŸåœ°ï¼Œè€Œä¸”æ•¸é‡å·¨å¤§",https://www.youtube.com/watch?v=Sb2z4ieRcto
"ç´€éŒ„ç‰‡ï¼šç›§è²æ¾ä¹‹æ¶æ•‘åœ°çƒ -- ","å¤§é‡è‚‰é£Ÿå°è‡´æš–åŒ–ã€ç³§é£Ÿå±æ©Ÿï¼",https://www.youtube.com/watch?v=0_PpwLKN9-A
"ç ”ç©¶ï¼šå…¨ç©€é¡é£Ÿç‰©æ›¿ä»£ç™½é£¯ï¼Œ6é€±å¾Œæ”¹å–„è¡€å£“","Effect of increased consumption of whole-grain foods on blood pressure and other cardiovascular risk â€¦",https://www.top1health.com/Article/84684
"ç—…ç—›ä¸è—¥è€Œç™’ã€æ¤ç‰©é£²é£Ÿ30å¤©ã€‘","çªç ´100%é«”èƒ½æ¥µé™ æŒ‘æˆ°ç´”ç´ é£Ÿå¥èº« å¾—åˆ°æ„æƒ³ä¸åˆ°çš„å¥½è™•",https://youtu.be/rKjMcuLyWVM
"ç¾åœ‹å‰å‰¯ç¸½çµ±é«˜çˆ¾ï¼Œè·Ÿéš¨å…¶è€é—†å…‹æ—é “çš„è…³æ­¥ï¼Œæ¡ç´äº†è”¬é£Ÿ ","Al Gore Goes Vegan, Following In Footsteps Of Bill Clinton  (National Public Radio)",http://www.npr.org/sections/thesalt/2013/11/26/247330160/al-gore-goes-vegan-following-in-footsteps-of-bill-clinton
"ç ”ç©¶ï¼šå²ä¸¹ä½›é›™èƒèƒå¯¦é©—è¡¨æ˜ï¼Œç´ é£Ÿæ¯”é›œé£Ÿæ›´å¥åº·","Vegan diet improves cardiometabolic outcomes compared with an omnivorous diet",https://jamanetwork.com/journals/jamanetworkopen/article-abstract/2812392
"ç¾åœ‹ç‡Ÿé¤Šå­¸æœƒç«‹å ´è²æ˜ - ç´ é£Ÿå¯æ»¿è¶³ç‡Ÿé¤Šéœ€æ±‚ ","Position of the Academy of Nutrition and Dietetics: Vegetarian Diets",http://www.twvns.org/info/story/336-andpositionvegetariandiets
"é‡é‡ç´šæ‹³æ“Šæ‰‹å¤§è¡›Â·æµ·è€¶ï¼ˆDavid Hayeï¼‰ä»¥æ¤ç‰©ç‚ºåŸºç¤çš„é£²é£Ÿ ","Former world champion explains how heavyweight boxer David Haye can thrive on a plant-based diet",http://www.businessinsider.com/how-to-eat-like-vegan-heavyweight-boxer-david-haye-2017-2
"è”¬é£Ÿçš„ç¶²çƒå¤©å ","- å¤§å°å¨å»‰æ–¯å§Šå¦¹ (Serena and Venus Williams) ",https://www.twvns.org/info/news/105-serena-and-venus-williams-2012
"è”¬é£Ÿçš„ç¶²çƒåå°‡","- è«¾ç“¦å…‹Â·å–¬ç§‘ç¶­å¥‡ï¼ˆNovak Djokovicï¼‰",https://www.popdaily.com.tw/forum/life/820260
"è”¬é£Ÿçš„éŠ€å¹•è‹±é›„","ã€Šè™è ä¿ ã€‹å…‹åˆ©æ–¯æ±€â€§è²çˆ¾(Christian Bale)ã€ã€Šèœ˜è››äººã€‹é™¶æ¯”â€§éº¥å¥çˆ¾(Tobey Maguire)",http://www.godsdirectcontact.org.tw/ch/news/160/vg1.htm
"å…¨æ•´è”¬é£Ÿèƒ½çµ¦æ‚¨æ´ªè’ä¹‹åŠ›ï¼ é ‚å°–ç¾å¼è¶³çƒå“¡","- å¤§è¡›â€§å¡ç‰¹(David Carter)ä»¥åŠè‘›é‡Œå¤«â€§æƒ å€«(Griff Whalen)",http://www.nfl.com/news/story/0ap3000000711369/article/nfl-veganism-david-carter-griff-whalen-have-broken-the-mold
"å¨œå¡”è‰Â·æ³¢æ›¼ï¼š","å¾å°é–‹å§‹ç´ é£Ÿï¼Œæ˜¯å­¸éœ¸ã€å½±åä¹Ÿæ˜¯è¨±å¤šäººå¿ƒä¸­çš„å‚³å¥‡ï¼",https://kknews.cc/entertainment/m2rzkrp.html
"æµ·æ´‹æ­»å€--é›†ç´„ç•œç‰§é›£è¾­å…¶å’ï¼š","å·¥å» åŒ–ç•œç‰§æ¥­ä¸åªå‚·å®³æµ·æ´‹ï¼Œä¹Ÿå‚·å®³äº†åœŸåœ°",https://e-info.org.tw/node/103553
"ç ´ä¸‰æ¬¡ä¸–ç•Œç´€éŒ„çš„å¤§åŠ›å£«Patrik Baboumianï¼š","ç´”ç´ è®“æˆ‘çš„è¡¨ç¾è®Šå¾—æ›´å¥½ï¼Œæˆ‘è®Šå¾—æ›´é‡ã€æ›´å£¯",https://youtu.be/_d5neNRwNng
"ç´ é£Ÿé‹å‹•å“¡ï¼š","æ‰“ç ´ä¸–ç•Œç´€éŒ„ï¼Œæ›´æ‰“ç ´è‚‰é£Ÿç¥è©±",https://kknews.cc/sports/g56ql8.html
"è„‚è‚ªæ¯”ç¢³æ°´åŒ–åˆç‰©æ›´å®¹æ˜“è½‰ç‚ºé«”è„‚è‚ªï¼Œ","ç¢³æ°´åŒ–åˆç‰©æˆ–è›‹ç™½è³ªè½‰åŒ–ç‚ºè„‚è‚ªå„²å­˜çš„æ•ˆç‡æ¯”è„‚è‚ªä½10å€â€¦How Fat Cells Work",https://science.howstuffworks.com/life/cellular-microscopic/fat-cell2.htm
"è¿·ä¸Šç´ é£Ÿå¸ƒè¡£ï¼Œ","ä¸è€æ­Œç¥å¼µå­¸å‹é‡å›äººç”Ÿæ­£è»Œ",https://kknews.cc/entertainment/6nzkz8l.html
"å …æœèµ·å¸é£Ÿè­œ ","- 10æ¬¾ç´”ç´  cheeseã€Œèµ·å£«ã€å¥½ä»‹ç´¹ï¼ŒæŒ‘å‹•ä½ çš„å‘³è•¾~",http://www.thefullhelping.com/go-to-cashew-cheese-recipe/
"è£œå……ç¶­ä»–å‘½Dåè€Œæœ‰å®³ï¼Ÿ","ä¸€ä½åé†«çš„èªéŒ¯å‘Šç™½",https://health.udn.com/health/story/6012/3024392
"å¸¸åƒæ­¢ç—›è—¥æ˜“å¼•ç™¼è…¹ç—›ã€è…¹ç€‰ ","~~ è«‡è—¥ç‰©æ€§å¤§è…¸ç‚ (é»ƒå¥æ˜é†«å¸«)",http://www.ninebig.com/index.php/tech-area/99-2015-12-11-10-04-38
"å¸¸åƒå …æœå¯é™ä½ç™¼ç‚ ","Regular nibbling on nuts linked to low inflammation",https://arynews.tv/en/regular-nibbling-nuts-linked-low-inflammation/
"å¼µå­¸å‹ï¼š","åƒç´ ä¸Šç™®çš„ã€Œç”·ç¥ã€",https://read01.com/Rnmjzy.html
"æ•‘å‘½é£²é£Ÿ -- ç‡Ÿé¤Šå­¸å¤§å¸«æŸ¯æ—â€§åè²çˆ¾çš„é€šä¿—è‘—ä½œ","-- è®“å¤§å°æ¼”è©¹å§†æ–¯å¡éº¥éš†(éµé”å°¼ã€é˜¿å‡¡é”)å¾¹åº•æ”¹è®Šé£²é£Ÿçš„æ›¸",https://www.books.com.tw/products/0010784048
"é€éæ¤ç‰©æ€§é£²é£Ÿæ¸›è¼•ç½•è¦‹ç–¾ç—…ã€æ¢å¾©å¥åº·çš„ç¶“æ­· ","Calgary woman credits plant-based diet for reversing chronic lung disease, restoring sight",http://globalnews.ca/news/3412306/calgary-woman-credits-plant-based-diet-for-reversing-chronic-lung-disease-restoring-sight/
"é€™ä½ã€Œåƒç´ çš„ã€æ ¼é¬¥å®¶ï¼Œ","è®“æ—¥æœ¬æ ¼é¬¥å¤©ç‹ä¿¯é¦–ç¨±è‡£",https://read01.com/QgdmkM.html
"é€™ä½ç¶²çƒä¸–ç•Œå† è»æƒ³æ”¹è®Šä¸–ç•Œï¼Œå’Œå¦»å­é–‹äº†å®¶è¶…æœ‰æ„›çš„ç´ é£Ÿé¤å»³ï¼","è«¾ç“¦å…‹Â·å–¬ç§‘ç¶­å¥‡",https://kknews.cc/sports/v9x4ry2.html
"é€Ÿæˆè…°æœèµ·å¸--é›²å…’çš„éƒ¨è½æ ¼ï¼š","è…°æœã€æª¸æª¬æ±ã€ç‡Ÿé¤Šé…µæ¯ã€é¹½ã€æ´‹è”¥ç‰‡ã€è’œç²‰ã€è–‘é»ƒç²‰",https://apple516849.pixnet.net/blog/post/343869416
"é ‚å°–ç¾å¼è¶³çƒå“¡å¤§è¡›â€§å¡ç‰¹(David Carter) ","æ¡ç´å…¨é£Ÿç‰©è”¬é£Ÿ",http://www.gq.com/story/vegan-diet-of-nfl-player-david-carter
"è²»ç‰æ¸…ï¼š","æ­Œå£‡ã€Œè€å¸æ©Ÿã€ï¼Œé™ªè€çˆ¶è¦ªåƒç´ é¤Šç”Ÿï¼Œæ´»æˆä¸è€å‚³å¥‡ï¼",https://read01.com/KAdkmO.html
"å…¨é£Ÿç‰©è”¬é£Ÿåœ¨å°æŠ—ç—…æ¯’ã€é€†è½‰ç–¾ç—…æœ‰é©šäººçš„å¥½è™•ï¼","æ•‘å‘½é£²é£Ÿ3.0 - - THE FUTURE Of NUTRITION",https://www.books.com.tw/products/0010919030
"é£²é£Ÿæ–‡åŒ–æ€è¾¨ï¼šå¥åº·ã€æ°¸çºŒã€äººé“ â”€","ä»¥è‚‰ç‚ºä¸­å¿ƒçš„é£²é£Ÿéœ€è¦å¤§é‡çš„åœŸåœ°åŠæ°´è³‡æºï¼Œç„¡æ³•æ”¯æŒäººé¡ç¤¾æœƒæ°¸çºŒç™¼å±•",https://sites.google.com/site/nutrientexplorer/Food_Choice
"é£²é£Ÿå¯†ç¢¼ï¼šä½ æ‰€ä¸çŸ¥é“çš„ç‰›å¥¶--","è¨±å¤šè”¬é£Ÿçš„éˆ£å«é‡èˆ‡å¸æ”¶ç‡å‹éç‰›å¥¶ï¼",http://www.wunan.com.tw/email/EDM1010326_3Q22.htm
"é£²é£Ÿå¯†ç¢¼ï¼šé»ƒå»ºå‹³é†«å¸«--","é†«å­¸ä¹‹çˆ¶å¸Œæ³¢å…‹æ‹‰æå¸Œæ—©å°±è­¦å‘Šéæˆ‘å€‘ï¼šã€Œä¸æ‡‚é£Ÿç‰©çš„äººï¼Œä¸å¯èƒ½ç­è§£ç–¾ç—…ã€",https://www.books.com.tw/products/0010580369?sloc=main
"æ„›çˆ¾è˜­é†«ç”ŸJohn Kelly: ","æ¡ç”¨å…¨é£Ÿç‰©è”¬é£Ÿç…§è­·ç™Œæœ«ç—…äºº",http://nutritionstudies.org/doctor-inspired-by-the-china-study-for-his-cancer-patients/
"æ„›çˆ¾è˜­é†«ç”ŸJohn Kelly: ","Stop Feeding Your Cancer! (åœæ­¢é¤µä½ çš„ç™Œç—‡ï¼) ",https://www.amazon.com/Stop-Feeding-Your-Cancer-Doctors/dp/0992779863
"è…°æœã€é–‹å¿ƒæœâ€¦æ€åˆ†è¾¨å„é¡ã€Œå …æœã€ï¼Ÿ","çœ‹é€™å¼µåœ–å°±ç§’æ‡‚",https://health.udn.com/health/story/6037/2995855
"å½±ç‰‡ï¼šè©¹å§†æ–¯Â·å¡éº¥éš† - æƒ³å°æŠ—æ°£å€™è®Šé·ï¼Ÿ åœæ­¢åƒè‚‰ ï¼","James Cameron: Eating meat-free to save the planet",https://www.youtube.com/watch?v=g73h6fhmwQc&t=398s
"ç¢§æ˜‚çµ²çš„åŸ¹è¨“å¸«Marco Borgesåˆ†äº«äº†æ¤ç‰©æ€§é£Ÿè­œ ","Beyonce's Trainer, Marco Borges, Shares Plant-Based Recipes",https://youtu.be/X-ImJiohQs8
"åŠ‰å¾·è¯å…¨å®¶ç´ é£Ÿï¼Œ","å¥³å…’å¾å¨˜èƒè£¡å°±é–‹å§‹ï¼Œæ˜¯å€‹ã€Œæ·¨ç´ å¯¶å¯¶ã€",http://www.epochtimes.com/b5/15/3/12/n4385363.htm
"å½±ç‰‡ (NutritionFacts.org)ï¼š","æˆ‘å€‘çš„è…¸é“ç´°èŒå¦‚ä½•ä½¿ç”¨é›è›‹ä¾†åŠ é€Ÿç™Œç—‡ ?",https://m.youtube.com/watch?v=pKgrjQeRvb0
"å½±ç‰‡(TED)ï¼šä»¥ç‡Ÿé¤Šè§£æ±ºé†«ç™‚ç…§è­·å±æ©Ÿ ","Resolving the Health Care Crisis: T. Colin Campbel at TEDxEast",https://youtu.be/1CN7PF10RKo
"å½±ç‰‡ï¼šç´ç´„å¸‚é•·Eric Adamsåˆ†äº« ï½ ","ç”¨å…¨é£Ÿç‰©è”¬é£Ÿé€†è½‰ç³–å°¿ç—…",https://youtu.be/kByNmIucyOc
"å½±ç‰‡(TED)ï¼šæˆ‘å€‘ç”Ÿä¾†å°±è©²åƒçš„é£Ÿç‰©--ç©€é¡ã€è±†é¡ã€è”¬èœ ","The food we were born to eat: John McDougall at TEDxFremont",https://youtu.be/d5wfMNNr3ak
"å½±ç‰‡(TED)ï¼šç‚ºä»€éº¼ç‡Ÿé¤Šç§‘å­¸è¢«é†«å­¸å¿½ç•¥ï¼Ÿ ","T. Colin Campbell | TEDxCornellUniversity",https://youtu.be/tmWoWOM16uE
"å½±ç‰‡(TED)ï¼šç´ é£Ÿèˆ‡å¥åº·ã€åœ°çƒã€å¿ƒéˆ  ï¼","æ—ä¿Šé¾åŸ·è¡Œé•·",https://youtu.be/eOO8gUShINc
"å½±ç‰‡ï¼šç´ç´„å¸‚äºç•¶æ–¯æ¨å»£å¥åº·é£²é£Ÿ  ï½  "," ï½ å…¨é£Ÿç‰©è”¬é£Ÿ",https://youtu.be/s3ZN5LJqUYg
"å½±ç‰‡(TED)ï¼šè®“å¿ƒè‡Ÿç—…æˆç‚ºæ­·å² ","Making Heart Attacks History: Caldwell Esselstyn at TEDxCambridge 2011",https://sites.google.com/site/nutrientexplorer/Videos/Making-Heart-Attacks-History
"å½±ç‰‡ï¼š","èœå¸‚å ´åšç‰©å­¸(äºŒ)ï¼ç§’æ‡‚æœ€ä½³ã€Œç­ã€å‹",https://youtu.be/1hAIz06QdKI
"å½±ç‰‡ï¼š","CNNå°ˆè¨ªç¾åœ‹å‰ç¸½çµ±æŸ¯æ—é “çš„é†«ç”Ÿå€‘è«‡è«–é¤Šç”Ÿé£²é£Ÿæ³•",https://m.youtube.com/watch?v=pJQWeZ4nB5I
"å½±ç‰‡ï¼šCNNè¨˜è€…å°ˆè¨ªæŸ¯æ—é “èˆ‡ä»–çš„é†«ç”Ÿ   ï½  ","æ¢è¨å¿ƒè‡Ÿç—…çš„åŸå› å’Œä¿å¥æ–¹å¼",https://m.youtube.com/watch?v=ggwJipKzzZw
"å½±ç‰‡ï¼šç´ é£Ÿå®¶åº­--","åŠ‰å¾·è¯",https://www.youtube.com/watch?v=MeepQmMZWnI
"å½±ç‰‡ï¼šå°ä¸­æ¦®ç¸½å¤§è…¸ç›´è…¸å¤–ç§‘ä¸»ä»»ç‹è¼æ˜é†«å¸«ä¸»è¬›--","å¦‚ä½•åƒçš„é«˜æ•ç„¡æ†‚   ï½  å¥åº·è”¬é£Ÿ",https://www.youtube.com/watch?v=wk6bqQlQjB0
"å½±ç‰‡ï¼šNeal Barnard, MD | A Nutritional Approach for Reversing Diabetes","é€†è½‰ç³–å°¿ç—…çš„é£²é£Ÿ ï½ å…¨é£Ÿç‰©è”¬é£Ÿ",https://youtu.be/tAiXvrIMIIE
"å½±ç‰‡ï¼š","ç‚ºä»€éº¼é†«ç”Ÿä¸å»ºè­°æˆ‘åƒç´”ç´ ï¼Ÿ",https://www.youtube.com/watch?v=MehRE0UGyHQ
"å½±ç‰‡ï¼š ã€Šç‚ºä½•äººå€‘æ„›ç‹—ï¼Œå»åƒè±¬ã€ç©¿ç‰›çš®ï¼Ÿã€‹","Why We Love Dogs, Eat Pigs, and Wear Cows",https://www.youtube.com/watch?v=22D4lZA-XlY
"å½±ç‰‡ï¼šã€Šå½¼å²¸24ã€‹Vegan documentaryã€ŠBeyond 24ã€‹","ç´ é£Ÿçš„24å€‹åŸå› ï¼Œ24å€‹ä½¿å‘½",https://youtu.be/1gFVd8RdK-Y
"å½±ç‰‡ï¼šã€Šé£Ÿç™‚è–ç¶“ã€‹æœ‰å¤§é‡è­‰æ“šé¡¯ç¤ºï¼Œæ”¹è®Šç”Ÿæ´»æ–¹å¼å¯é€†è½‰æ…¢æ€§ç—…â€¦","ä½†å®ƒå»è¢«ä¸»æµé†«å­¸æ‰€å¿½è¦–",https://youtu.be/F3vqKZwe_r0
"å½±ç‰‡ï¼šã€ŠThe Game Changersã€‹é å‘Šç‰‡","ç´ é£Ÿé‹å‹•å“¡æ‰“è‡‰è›‹ç™½è³ªç¥è©±",https://youtu.be/iSpglxHTJVM
"å½±ç‰‡ï¼šäººå‘½ç‰²åƒ ","Eating You Alive",https://youtu.be/hJmIJd-qS50
"å½±ç‰‡ï¼šäººé¡çœŸçš„å±¬æ–¼é›œé£Ÿæ€§å‹•ç‰©å—ï¼Ÿ ","Are Humans True Omnivores?",https://www.youtube.com/watch?v=ui4L-T6eFrw
"å½±ç‰‡ï¼šä¸è¦æ²¹ -- å³ä½¿æ©„æ¬–æ²¹ï¼ ","No Oil -- Not Even Olive Oil! - Caldwell Esselstyn MD",https://youtu.be/b_o4YBQPKtQ
"å½±ç‰‡ï¼šå¿ƒè‡Ÿç—…å°ˆå®¶æœ‰å…©ç¨® â”€ ","ç´ é£Ÿè€…èˆ‡é‚„æ²’çœ‹éæ•¸æ“šçš„ (Kim Williams, M.D.)",https://youtu.be/X4TMsRKOe8Q
"å½±ç‰‡ï¼šæ­ç§˜ï¼","åƒç´ ä¸ƒå¹´ç”¢ç”Ÿçš„å·¨å¤§è®ŠåŒ–è·Ÿå¥½è™•ï¼",https://youtu.be/XpfyyyJWBl8
"å½±ç‰‡ï¼šä»¥é£²é£Ÿæ²»æ„ˆè…¸æ¼ç—‡ ","Curing Leaky Gut Syndrome - Michael Klaper MD",https://youtu.be/QRDoqS6QHQw
"å½±ç‰‡ï¼šåŠ æ‹¿å¤§é£Ÿç‰©æŒ‡å— é¼“å‹µäººå€‘å¤šåƒç´  ","ã€å¤§åƒä¸–ç•Œã€‘å¥åº·é£²é£Ÿ",https://youtu.be/isE4clkDz2Y
"å½±ç‰‡ï¼šåƒå¤šå°‘æ°´æœç®—éé‡ï¼Ÿ ","ä¸å¿…éåº¦æ“”å¿ƒæ°´æœä¸­çš„æœç³–ï¼",https://youtu.be/nU_RkeA88DY
"å½±ç‰‡ï¼šåƒç´ å…©å¹´ï¼Œå‡ºç¾æ„æƒ³ä¸åˆ°çš„è½‰è®Šï¼Ÿï¼ï¼ ","å€ªæ™¨æ›¦ Miss Elvani",https://youtu.be/sqhATvUJCA0
"å½±ç‰‡ï¼šå²ä¸¹ä½›é›™èƒèƒé£²é£Ÿå¯¦é©— -- ","ç´”ç´ é£²é£Ÿå¾Œï¼Œå…§è‡Ÿè„‚è‚ªæ¸›å°‘äº†â€¦",https://youtu.be/t24BCuXIlZI?t=634
"å½±ç‰‡ï¼šå¦‚ä½•é é˜²éé…’ç²¾æ€§è„‚è‚ªè‚ï¼Ÿé™åˆ¶æ±½æ°´èˆ‡è‚‰é¡æ”å– ","How to Prevent Non-Alcoholic Fatty Liver Disease",https://youtu.be/N2UDc0WRXvQ
"å½±ç‰‡ï¼šå¦‚ä½•é é˜²ç³–å°¿ç—…ï¼Ÿ ","How not to die from diabetes ",https://youtu.be/tYaWLWBcSLk
"å½±ç‰‡ï¼šMEAT AND DAIRY CAUSE CANCER","è‚‰é¡å’Œä¹³è£½å“å°è‡´ç™Œç—‡ - Dr T. Colin Campbell ã€ŠThe China Studyã€‹",https://youtu.be/QoBx97JHcKE
"å½±ç‰‡ï¼šæŠ—ç™Œæ•…äº‹  ï¼ ","ä½ ä¸èªè­˜çš„è˜‡èµ·",https://youtu.be/PIYKJkaDOj0
"å½±ç‰‡ï¼šé’èŠ±èœèˆ‡åå­—èŠ±ç§‘è”¬èœçš„ç›Šè™• ","Broccoli - the DNA whisperer | Tom Malterre | TEDxBellingham",https://youtu.be/hmFnzc3oZ04
"å½±ç‰‡ï¼šæ‹¯æ•‘æš–åŒ–å±æ©Ÿï¼ç«‹ç«¿è¦‹å½±çš„æ–¹æ³•æ˜¯ï½¢è”¬é£Ÿï½£","å¥åº·ã€ç’°å¢ƒã€å‹•ç‰©ä¸‰è´ï¼Œæ¯å€‹äººéƒ½å¯ä»¥åšåˆ°ï¼",https://m.youtube.com/watch?v=g1z1taw6yNw
"å½±ç‰‡ï¼šæ˜¯ä»€éº¼å°è‡´èƒ°å³¶ç´ æŠµæŠ—ï¼Ÿ é£½å’Œè„‚è‚ªï¼","Diabetes as a Disease of Fat Toxicity ",https://sites.google.com/site/nutrientexplorer/Videos/What-Causes-Insulin-Resistance-and-Diabetes
"å½±ç‰‡ï¼šæŸ¯æ—é “æ¥å—CNNå°ˆè¨ª ","å¤§åŠ›æ¨è–¦ã€Šæ•‘å‘½é£²é£Ÿã€‹é£²é£Ÿæ–¹å¼",https://m.youtube.com/watch?v=500OI4TjC5o
"å½±ç‰‡ï¼šæŸ¯æ—é “è½ä»–è©± æ’¿å›å‘½ï¼","åªåƒè±†è”¬æœã€Œæ•‘å‘½é£²é£Ÿã€-æå››ç«¯çš„é›²ç«¯ä¸–ç•Œ",https://youtu.be/4vb2DBekesk
"å½±ç‰‡ï¼šç‚ºä»€éº¼ç´”ç´ è€…ä¸åƒé›è›‹å’Œä¹³è£½å“? ","Why Don't Vegans Eat Eggs or Dairy Products?",https://www.youtube.com/watch?v=MYL-ogTuCAw
"å½±ç‰‡ï¼šè”¬é£Ÿçš„Patrik Baboumianï¼Œä¸–ç•Œç´€éŒ„æœ€å¼·å£¯çš„ç”·äººï¼š","ã€Œæ…ˆæ‚²ï¼Œå°±æ˜¯æˆ‘çš„åŠ›é‡ã€",https://youtu.be/l1EKZDptrPE
"å½±ç‰‡ï¼šé€†è½‰è‚ç™Œï¼Ÿ","æ¯å¤©å–é€™æ¯â€¦ä»–çš„ç™Œç´°èƒã€è„‚è‚ªè‚ã€ç™¼ç‚ä¸è¦‹äº†",https://youtu.be/QquwzwzpIsM
"å½±ç‰‡ï¼šå¥åº·å°±æ˜¯æœ€å¥½çš„ç¥ç¦ï¼  ï¼ ","é™³æœˆå¿ åˆ†äº« ç¶ æ‹¿éµ",https://youtu.be/TXbAHz0aBl4
"å½±ç‰‡ï¼šæ­éœ²å¿ƒè‡Ÿç—…çš„çœŸæ­£åŸå›  â”€ è†½å›ºé†‡ "," Kim Williams, M.D.ã€€",https://youtu.be/q1oB569xq88
"å½±ç‰‡ï¼šæœ€å®¹æ˜“å°è‡´ç³–å°¿ç—…çš„ä¸æ˜¯ç³–!  "," Sugar didn't make you diabetic",https://www.youtube.com/watch?v=xnz3Kgnj9hI
"å½±ç‰‡ï¼šæš¢éŠ·æ›¸ã€Šé£Ÿç™‚è–ç¶“ã€‹","èª¿æ•´é£²é£Ÿèƒ½æœ‰æ•ˆé é˜²ã€æŠ‘åˆ¶ã€é€†è½‰æ…¢æ€§ç—…",https://www.youtube.com/watch?v=F3vqKZwe_r0
"å½±ç‰‡ï¼šç„¡æ²¹æ²™æ‹‰é†¬ç°¡æ˜“åšæ³• "," Easy No Oil Salad Dressing - Jane Esselstyn 3-2-1 Recipe",https://youtu.be/H1aQ1kegamM
"å½±ç‰‡ï¼šèœå¸‚å ´åšç‰©å­¸ï¼ˆä¸€ï¼‰ï¼ "," ç§’æ‡‚é»ƒè±†é»‘è±†æ¯›è±†çš„ä¸‰è§’é—œä¿‚",https://youtu.be/5RdTXDGS7Xs
"å½±ç‰‡ï¼šæ©„æ¬–æ²¹ä¸¦æ²’æœ‰æ¯”è¼ƒå¥åº· "," Olive Oil Is Not Healthy - Michael Klaper MD",https://youtu.be/OGGQxJLuVjg
"å½±ç‰‡ï¼šç³–å°¿ç—…æ˜¯ä¸€ç¨®è„‚è‚ªä¸­æ¯’ç–¾ç—… "," Diabetes as a Disease of Fat Toxicity",https://youtu.be/t-f9Q_-tT68
"å½±ç‰‡ï¼šåƒç´ é™ä½é‡ç—‡é¢¨éšª73%! ","è‚‰é£Ÿè€…é‡ç—‡ç‡æ˜¯ç´ é£Ÿ4å€",https://youtu.be/navyGVU-Ubw
"æ­æ™®æ‹‰Â·æº«èŠ™è•¾åˆ†äº«å¥¹çš„é£Ÿè­œï¼Œ"," æ¯æ—¥ä¸€é¤æ¤ç‰©æ€§è†³é£Ÿï¼ŒæŒçºŒ30å¤©",https://www.oprahmag.com/life/food/a29473786/oprah-plant-based-diet-plan/
"è¡›ç¦éƒ¨å¥ä¿ç½²ã€Œå¥åº·å­˜æ‘ºã€æœå‹™ï¼š"," å¯ä»¥æŸ¥ä¸‰å¹´å…§çœ‹è¨ºã€é ˜è—¥ã€æª¢é©—ç´€éŒ„ï¼Œå¾ˆæ–¹ä¾¿ã€‚",https://myhealthbank.nhi.gov.tw/
"ç³–å°¿ç—…æœ‰æ•‘äº†ï¼šè—‰ç”±é£²é£Ÿæ”¹å–„ç³–å°¿ç—… ","  Dr. Neal Barnard's Program for Reversing Diabetes",https://www.books.com.tw/products/0010911756
"ç™Œç´°èƒæœ€æ„›çš„æ°¨åŸºé…¸ ã€Œè›‹æ°¨é…¸ã€"," å¤§å¤šä¾†è‡ªä»€éº¼é£Ÿç‰©ï¼Ÿ",https://health.udn.com/health/story/6017/3468640
"é—œéµé£²é£Ÿï¼š"," æ—¥å¸¸å‹•ç‰©æ€§è›‹ç™½æ”å–é‡ å°±å•Ÿå‹•ç™Œç—‡ï¼Ÿ",https://health.udn.com/health/story/6037/348224
"é—œéµé£²é£Ÿï¼š"," å°æŠ—éæ•ç—‡å¾é£Ÿç‰©é–‹å§‹",https://health.udn.com/health/story/6037/348229
"é—œéµé£²é£Ÿï¼š"," ç ´é™¤å¥¶çš„å¤¢å¹»â€¦ç‰›å¥¶å®¹æ˜“è“„ç©è¾²è—¥ï¼Ÿ",https://health.udn.com/health/story/6037/348226
"é—œéµé£²é£Ÿï¼š"," ç‚ºä½•æœƒæœ‰ç™½è‚‰å„ªæ–¼ç´…è‚‰çš„å‚³èªªï¼Ÿ",https://health.udn.com/health/story/6037/348225
"é—œéµé£²é£Ÿï¼š"," ç ´é™¤è›‹çš„ç¾å‘³â€¦è†½å›ºé†‡å«é‡é«˜ï¼Ÿ",https://health.udn.com/health/story/6037/348227
"é—œéµé£²é£Ÿï¼š"," é€†è½‰ç³–å°¿ç—…çš„é£²é£Ÿç™‚æ³•",https://health.udn.com/health/story/6037/348228
"éµé”å°¼å¤§å°æ¼”å¡éº¥éš†ï¼š"," é é˜²ç–¾ç—…å’Œæ‹¯æ•‘åœ°çƒçš„æœ€ä½³ç­”æ¡ˆâ€”â€”åƒç´ !",https://kknews.cc/entertainment/3lb49bg.html
"è‚ºè…ºç™Œ - å®¶åº­ã€Œç…®ã€å©¦çš„å¥åº·æ®ºæ‰‹ï¼š"," æ¸›å°‘ç…ã€ç‚’ã€ç‚¸çš„æ–™ç†æ–¹å¼ï¼Œæ”¹ä»¥æ¶¼æ‹Œã€è’¸ã€ç…®ã€æ»·å–ä»£ï¼Œå°‘æ²¹æ›´å¥åº·",https://www.lianan.com.tw/drliananepaper/Article/015-9
"è›‹ç™½è³ªåƒå¤ªå°‘ï¼Ÿåœ‹å¥ç½²ä¾†æ‰“è‡‰ï½","ç‡Ÿé¤Šå¸«æª5å¤§è›‹ç™½è³ªéé‡å…ƒå‡¶",https://www.top1health.com/Article/57018
"ç‡™é’èœå¥½å¥åº·ï¼Ÿã€Œæ°´ç‚’æ³•ã€ä¿ç•™æ¤ç‰©ç‡Ÿç´ ç´  - "," ç¾å‘³å’Œå¥åº·åŒæ™‚ä¸Šæ¡Œï¼Œå°±é æ°´ç‚’æ³•ï¼å…ˆåŠ æ°´ï¼Œæœ€å¾Œç”¨å°‘é‡çš„æ²¹",https://youtu.be/Xg3RrCrqjJ8
"å½±ç‰‡ï¼šTalks at Google é£²é£Ÿèˆ‡æ…¢æ€§ç—…çš„é—œè¯ -- ","ã€Šé£Ÿç™‚è–ç¶“ã€‹ä½œè€… Michael Greger é†«å¸«",https://youtu.be/7rNY7xKyGCQ
"ä½ ä¸­äº†å—ï¼Ÿ","å“ˆä½›æœ€æ–°ç ”ç©¶ã€ŒåŠ å·¥ç´…è‚‰èˆ‡å¤±æ™ºç—‡æœ‰é—œã€ ",https://udn.com/news/story/6813/8494635
"å„²å­˜å‹è„‚è‚ªä¸»è¦æ˜¯é£½å’Œè„‚è‚ªé…¸ï¼Œå®¹æ˜“å †ç–Šå’Œå„²å­˜â€¦ ","ä¸»è¦ä¾†æºç‚ºå‹•ç‰©æ€§è„‚è‚ª",https://health.tvbs.com.tw/regimen/352024
"æˆ‘å€‘åƒçš„é£Ÿç‰©å’Œæ°£å€™æœ‰é—œ","é£Ÿç‰©ç¢³æ’æ”¾ä¹‹ç‹æ˜¯--ç‰›è‚‰",https://www.greenpeace.org/taiwan/update/18386/%E6%88%91%E5%80%91%E5%90%83%E7%9A%84%E9%A3%9F%E7%89%A9%E5%92%8C%E6%B0%A3%E5%80%99%E6%9C%89%E9%97%9C%EF%BC%9F%E9%A3%9F%E7%89%A9%E7%A2%B3%E6%8E%92%E6%94%BE%E4%B9%8B%E7%8E%8B%E6%98%AF%E2%8B%AF/
"æ‰“ç ´åå¤§ç¢³æ°´åŒ–åˆç‰©è¿·æ€ï¼š","å…¨ç©€é†£é¡ä¸æœƒå¢è‚¥ã€ä½é†£é£²é£Ÿææ˜‡æ­»äº¡é¢¨éšªï¼- Today's Dietitian Magazine ",https://www.todaysdietitian.com/newarchives/0416p30.shtml
"åƒè‚‰å’Œå¥¶è£½å“å°æ°£å€™æœ‰ä»€éº¼å½±éŸ¿ï¼Ÿ","ä½”ä¸–ç•Œæº«å®¤æ°£é«”æ’æ”¾é‡çš„å››åˆ†ä¹‹ä¸€ï¼Œä½”æ“šäº†åœ°çƒå¯å±…ä½é¢ç©çš„ä¸€åŠã€‚",https://interactive.carbonbrief.org/what-is-the-climate-impact-of-eating-meat-and-dairy/
"é£²é£Ÿåšç’°ä¿ï¼Œåƒå¾—å¥åº·æ•‘åœ°çƒï¼š"," ä½ç¢³æ’é£²é£Ÿç¬¬ä¸€æ­¥ï¼šå°‘åƒè‚‰å¯é˜»æ­¢å…¨çƒæš–åŒ–ï¼Œçµ¦ä¸‹ä¸€ä»£æ›´å¥½çš„ç”Ÿå­˜ç©ºé–“ï¼",https://www.pm-mag.net/Article/article_content.aspx?Tid=844
"ã€ä½é†£é£²é£Ÿç›²é»ã€‘Low Carbæ¸›è‚¥æœ€å¥åº·ï¼Ÿå…¶å¯¦æ¸›åˆ°å‘½éƒ½çŸ­å¹¾å¹´ï¼"," è¡ç”Ÿç½²å’Œä¸–è¡›çš„ç‡Ÿé¤ŠæŒ‡å¼•ï¼Œé†£é¡æ”å–é‡æ‡‰ä½”ç¸½ç†±é‡55è‡³75%",http://www.etnet.com.hk/www/tc/lifestyle/health/healthnews/55870
"ä¸è¦å› ç‚ºæŸç¨®é£²é£Ÿæ³•ç•¶ç´…å°±å˜—è©¦ï¼"," å°ˆå®¶ï¼šä¸å¯å¿½ç•¥ç”Ÿé…®é£²é£Ÿçš„å±éšªæ€§ï¼ ",https://www.foodnext.net/column/columnist/paper/5234290908
"ç”Ÿé…®é£²é£Ÿç˜¦è¶…å¿«ï¼Ÿ ","é†«å¸«è­¦å‘Šï¼šæ­»äº¡ç‡ææé«˜50%",https://newtalk.tw/news/view/2019-05-03/241693
"TEDå½±ç‰‡ï¼šPower Foods for the Brain","æ”å–éå¤šé£½å’Œè„‚è‚ªã€è¡€åŸºè³ªéµ æœƒ æé«˜å¤±æ™ºé¢¨éšª",https://youtu.be/v_ONFix_e4k
"é†«å¸«è¦ªèº«å¯¦é©—ã€Œç”Ÿé…®é£²é£Ÿã€ç™¼ç¾é©šäººçœŸç›¸ï¼š"," è‚ŒåŠ›æ‰“æŠ˜ï¼Œè¡€æ¶²æŒ‡æ¨™æƒ¡åŒ–ï¼å‹¿å› é«”é‡ä¸‹é™è€Œæ²¾æ²¾è‡ªå–œï¼Œå»ä¸çŸ¥é“è‡ªå·±çš„å¥åº·æ­£åœ¨å—å®³",https://www.cw.com.tw/article/article.action?id=5094603
"77ï¼…çš„å¤§è±†ç”¨æ–¼å‹•ç‰©é£¼æ–™ â€¦ "," æ£®æ—æ¶ˆå¤±å¢åŠ çš„ç¢³æ’æ”¾åŠ©é•·äº†å…¨çƒæ°£å€™è®ŠåŒ–",https://ourworldindata.org/soy
"ç•œç‰§æ¥­æ˜¯æ£®æ—æ¶ˆå¤±çš„ä¸»å› ï¼"," The meat industry is the leading cause of deforestation",https://www.peta.org/blog/amazon-forest-soybeans/
"æ˜¯ä»€éº¼å°è‡´æ£®æ—æ¶ˆå¤±ï¼Ÿ"," æ”¾ç‰§ã€é£¼æ–™å¤§è±†ã€æ£•æ«šæ²¹ã€€ï¼ï¼ã€€å°‘åƒè‚‰èˆ‡æ²¹ç‚¸å“ï¼",https://www.ucsusa.org/resources/whats-driving-deforestation
"å‹•ç‰©æ€§è›‹ç™½è³ªæœƒå¢åŠ è¡€è†½å›ºé†‡ï¼š ","å°±è†½å›ºé†‡æ°´å¹³è€Œè¨€ï¼Œç™½è‚‰å¯èƒ½ä¸¦ä¸æ¯”ç´…è‚‰å¥½â€”â€”è€Œæ¤ç‰©æ€§è›‹ç™½è³ªå‰‡å„ªæ–¼å…©è€…",https://www.health.harvard.edu/blog/when-it-comes-to-cholesterol-levels-white-meat-may-be-no-better-than-red-meat-and-plant-based-protein-beats-both-2019082217550
"æœ€å¯èƒ½æŠ˜å£½çš„é£Ÿç‰©æ˜¯ç†±ç‹—ï¼Œæ¯åƒ1æ”¯å°±æœƒè®“å£½å‘½ç¸®çŸ­ç´„36åˆ†é˜ï¼›","å…¶æ¬¡æ˜¯é†ƒè‚‰ï¼Œæ¯åƒ1ä»½å¯èƒ½æ¸›å£½26åˆ†é˜",https://www.ctwant.com/article/383075/
"ç´…è‚‰å’Œç™½è‚‰å·®åˆ¥ä¸å¤§â€¦","è‹¥å¸Œæœ›æ”¹å–„è†½å›ºé†‡æ°´å¹³ï¼Œç´…è‚‰å’Œç™½è‚‰éƒ½æ‡‰æ¸›å°‘æ”å–ï¼Œä»¥æ¤ç‰©é¡è›‹ç™½å–ä»£",https://www.hk01.com/%E4%B8%96%E7%95%8C%E5%B0%88%E9%A1%8C/337275/%E5%90%83%E7%99%BD%E8%82%89%E6%9B%B4%E5%81%A5%E5%BA%B7-%E7%BE%8E%E5%9C%8B%E7%A0%94%E7%A9%B6-%E5%B0%8D%E8%86%BD%E5%9B%BA%E9%86%87%E5%BD%B1%E9%9F%BF%E8%88%87%E7%B4%85%E8%82%89%E5%88%86%E5%88%A5%E4%B8%8D%E5%A4%A7
"40æ­²çš„é˜¿é›…æ›´ç¾äº†ï¼"," 17æ­²é–‹å§‹ç´ é£Ÿï¼Œå¾è«§æ˜Ÿåˆ°æ°£è³ªå¥³ç¥",https://kknews.cc/entertainment/4l5mqlq.html
"80æ­²å¬¤è‚ç™Œç—Šç™’äº†ï¼","ã€ŒæŠ—ç™Œç¥ç‰©ã€åœ°ç“œè‘‰åœ¨èœå¸‚å ´å°±è²·å¾—åˆ°",https://news.tvbs.com.tw/life/2704277
"å½±ç‰‡ï¼šå‰åŠ å·é•· é˜¿è«¾ Â· å²ç“¦è¾›æ ¼ï¼ˆArnold Schwarzeneggerï¼‰ï¼š","å°æŠ—æ°£å€™è®Šé·ï¼Œå°‘åƒè‚‰ Less Meat, Less Heat",https://youtu.be/c3q-7ish6vk
"é£²é£Ÿè®Šäº†ï¼Œè…«ç˜¤å°äº†ï¼š","ã€Œç‡Ÿé¤Šå¸«ï¼Œé†«ç”Ÿèªªæˆ‘çš„è…¦ç˜¤å®Œå…¨æ¶ˆå¤±äº†ï¼ã€",https://www.myccf.org.tw/4952/%e3%80%8c%e6%88%91%e7%9a%84%e8%85%a6%e7%98%a4%e6%b6%88%e5%a4%b1%e4%ba%86%e3%80%8d
"ç¾åœ‹é†«å­¸å°ˆå®¶å«æˆ‘å€‘åƒå…¨æ•´è”¬é£Ÿï¼ˆWhole Food Plant-Based Dietï¼‰ï¼","æ¤ç‰©æ€§é£²é£Ÿå¯ä½¿å› å¿ƒè¡€ç®¡ç–¾ç—…ã€ç™Œç—‡ã€å‚³æŸ“ç—…å’Œç³–å°¿ç—…è‡´æ­»æ‚£è€…å¤§å¹…åº¦æ¸›å°‘",https://card.weibo.com/article/m/show/id/2309634284781239098750
"å½±ç‰‡ï¼šå°ç£åé†«å¾—ç™Œæ‹’çµ•åŒ–ç™‚ï¼Œå»åˆå¤šæ´»40å¤šå¹´ï¼","é—œéµæ˜¯æ¤ç‰©æ€§é£²é£Ÿ",https://youtu.be/eXAhI30OUVE
"å½±ç‰‡ï¼šå°å¤§ç—…ç†ç§‘æè±é†«å¸«ç¾èº«èªªæ³•ï¼šèˆ‡ç™Œç—‡å’Œå¹³ç›¸è™•","é—œéµæ˜¯æ¤ç‰©æ€§é£²é£Ÿ",https://youtu.be/FV4YsZX-1g4
"å¾¹åº•çš„æ”¹è®Šé£²é£Ÿã€å…‹æœç½•è¦‹ç™Œç—‡","ç´ç´„å¥³æ¼”å“¡å…‹é‡Œæ–¯Â·å¡çˆ¾ï¼ˆKris Carrï¼‰",https://kriscarr.com/meet-kris/
"é¤å‰å‹éæ‰‹è¡“åˆ€ï¼š","ä»¥ä½è„‚ã€æ¤ç‰©é£²é£Ÿç‚ºä¸»ï¼Œæ¸›å°‘åŠ å·¥åŠæ·»åŠ æ²¹è„‚é£Ÿç‰©ï¼Œå¯é é˜²æ…¢æ€§ç–¾ç—…",https://youtu.be/EjTWFoqLy34
"å“ˆä½›ç ”ç©¶ï¼š","ç´…è‚‰æœƒä½¿ç³–å°¿ç—…çš„é¢¨éšªå¢åŠ  62%",https://youtu.be/NgfTit87RYU
"ç¢³æ°´åŒ–åˆç‰©ææ‡¼ç—‡ï¼Ÿ","ç ”ç©¶é¡¯ç¤ºï¼Œä»¥å¤§é‡é£½å’Œè„‚è‚ªå–ä»£ç¢³æ°´åŒ–åˆç‰©å°å¥åº·æœ‰å®³",https://www.goodfoodmarket.tw/news_page.php?pk=N2005210001
"è† åŸè›‹ç™½é¨™å±€ä½•æ™‚ç ´? ","æ²’ç”¨çš„æ±è¥¿ç‚ºä½•é‚„èƒ½å‰²é€™éº¼ä¹…çš„éŸ­èœ?",https://youtu.be/A7ByKgWryAA
"ç‰™å‘¨å›Šè¢‹æ¢å¾© | ç‰™å‘¨å›Šè¢‹æ˜¯ä»€éº¼ï¼Ÿ","å±…ç„¶å’Œç‰™å‘¨ç—…æœ‰é—œï¼",https://quanhaodental-all-on-4.com/how-to-recover-gum-pockets/
"å†è¦‹ï¼ç´…æ–‘æ€§ç‹¼ç˜¡ï¼š","é†«ç”Ÿå¦‚ä½•é€šéè¶…å¸‚é£Ÿç‰©è‡ªç„¶æ²»ç™’è‡ªå·±",https://www.books.com.tw/products/F014010664
"å½±ç‰‡ï¼šåƒå¾€æ»…çµ•ä¹‹è·¯ | ç•œç‰§æ¥­å°ç’°å¢ƒçš„å½±éŸ¿"," Eating Our Way to Extinction",https://youtu.be/TMLKHeizui4
"Eating our way to extinction ","åƒå¾€æ»…çµ•ä¹‹è·¯ | ç•œç‰§æ¥­å°ç’°å¢ƒçš„å½±éŸ¿",https://youtu.be/Pc07L9F0olk
"Eating our way to extinction ","ç•œç‰§æ¥­çš„çœŸç›¸",https://youtu.be/jAwSHM9iC3U
"åš´é‡ç‰™å‘¨ç—…éµå®šæ‹”ç‰™ï¼Ÿ ","åé†«æ•™ä½ åšå°å…©ä»¶äº‹ã€Œç•™ç‰™è¶…é10å¹´ã€",https://ymdc.mdg.com.tw/form-download/171
"ç ”ç©¶ï¼šç´ é£Ÿè€…ç™½å…§éšœæ©Ÿç‡ä½äº†30%~40%","Vegetarians May Have Lower Risk of Cataracts",https://pubmed.ncbi.nlm.nih.gov/33309591/
"ä½ åƒéé›¨ä¾†è‡å—ï¼Ÿ","ã€Œæƒ…äººçš„çœ¼æ·šã€ç‡Ÿé¤Šåƒ¹å€¼é«˜ï¼Œé›¨å¾Œæ‰å†’å‡ºé ­",https://www.foodnext.net/science/knowledge/paper/5852534647ã€€
"ç ”ç©¶ï¼šç‰›å¥¶æ”å…¥é‡è¶Šé«˜ï¼Œæ‚£ä¹³è…ºç™Œçš„é¢¨éšªè¶Šå¤§ ","Dairy, soy, and risk of breast cancer: those confounded milks",https://www.ncbi.nlm.nih.gov/pmc/articles/PMC8453418/
"å½±ç‰‡ï¼šå¹«åŠ©å¤§è…¦çš„é£Ÿç‰© ","Power Foods for the Brain | Neal Barnard | TEDxBismarck",https://youtu.be/v_ONFix_e4k
"ç ”ç©¶ï¼šé€šéæ¤ç‰©æ€§é£²é£Ÿé é˜²æ½°ç˜æ€§çµè…¸ç‚å¾©ç™¼","Relapse Prevention in Ulcerative Colitis by Plant-Based Diet Through Educational Hospitalization",https://www.ncbi.nlm.nih.gov/pmc/articles/PMC6045502/
"å½±ç‰‡ï¼šæ²»ç™‚æ½°ç˜æ€§çµè…¸ç‚çš„æœ€ä½³é£²é£Ÿ","The Best Diet for Ulcerative Colitis Treatment",https://youtu.be/QRdIz40Pbn4
"å½±ç‰‡ï¼šç¾åœ‹æ”¿åºœå¦‚ä½•å¹«åŠ©ä¹³å“å•†è³£ç‰›å¥¶ï¼Ÿ","How big government helps big dairy sell milk ",https://youtu.be/XRCj8LVTRyA
"TEDå½±ç‰‡ï¼šæ‰“ç ´ç‰›å¥¶ç¥è©±ï½œ","The Magnificent Milk Myth Debunked | Brooke Miles ",https://youtu.be/DXmoa2j7uWE
"å½±ç‰‡ï¼šæ²¹èŠ’ ï½ ","å°ç£ç‰¹æœ‰ç¨®ï¼Œé«˜ç‡Ÿé¤Šåƒ¹å€¼ï¼Œæœªä¾†æŠ—æ—±çš„è¶…ç´šä½œç‰©",https://youtu.be/_fcPQDRnID4
"å†·å‡è”¬èœæ¯”è¼ƒä¸ç‡Ÿé¤Šï¼Ÿä¸æ¯”ç¾è²·çš„å·®ï¼","ç›¸è¼ƒæ–¼å­˜æ”¾å¤šå¤©çš„æ–°é®®è”¬èœï¼Œå†·å‡è”¬èœå¯èƒ½æ›´èƒ½ä¿ç•™ä½ç‡Ÿé¤Š",https://www.setn.com/News.aspx?NewsID=1613649
"ç´ç´„å¸‚é•·äºç•¶æ–¯ ","å› åƒç´ é€†è½‰ç³–å°¿ç—…ï¼ŒæŠ•å…¥å¥åº·é£²é£Ÿæ¨å»£",https://www.suiis.com/info/article/641
"å½±ç‰‡ï¼šç„¡ç—‡ç‹€æ„ŸæŸ“è€…ï¼Œæœ‰1å€‹å…±åŒé»ï¼","æ„ŸæŸ“å¾Œå’Œæ²’æ„ŸæŸ“ä¸€æ¨£ï¼Œè‡ªç„¶å…ç–«åŠ›å¾ˆå¼·å¤§",https://youtu.be/Gv8wwr5YOlg 
"ã€Šè¶Šåƒè¶Šç¾éº—ï¼šæ—¥æœ¬å¥³æ˜Ÿç‡Ÿé¤Šå¸«æ•™ä½ åƒå‡ºç˜¦èº«ã€ç¾è‚Œã€å¹´è¼•åŠ›ã€‹","ä»¥ç±³é£¯ç‚ºä¸»é£Ÿï¼Œå°±æ˜¯èƒ½è®“èº«é«”è®Šå¾—å¥åº·èˆ‡ç¾éº—çš„é£²é£Ÿæ–¹å¼",https://reading.udn.com/read/story/122749/8575818
"å½±ç‰‡ï¼šç‚ºä»€éº¼é£²é…’æœƒç ´å£èº«é«” æŠ—ç—…æ¯’ å…ç–«åŠ› ï¼Ÿ","å–é…’ å¾Œï¼Œèº«é«”å°æŠ— ç—…æ¯’ çš„èƒ½åŠ›æœƒç™¼ç”Ÿæ€æ¨£çš„è®ŠåŒ–ï¼Ÿ",https://youtu.be/68Nf5hCbg_0
"å½±ç‰‡ï¼šä¸€æ ¹èŒ„å­ğŸ†","å°±åšå‡ºè’²ç‡’é°»é­šé£¯",https://youtu.be/WIqYKivHSCE
"å½±ç‰‡ï¼šå…¨ç´ é›è‚‰é£¯ğŸ¤¤","æ­é…ç™½é£¯å¤ªå¥½åƒäº†",https://youtu.be/HipVOBXBXUI
"å½±ç‰‡ï¼šå°å¼éºµåŒ…é«˜æ²¹ç³–ã€æ·»åŠ ç‰©ï¼Ÿ","é¬†è»Ÿé™·é˜±ï¼Œè¶…ç´šåŠ å·¥é£Ÿå“æ•²è­¦é˜ï¼",https://www.youtube.com/watch?v=g86SqD2cZ7o
"é£²é£Ÿæ˜¯é˜²ç–«é—œéµï¼","10å¤§å…ç–«é£Ÿç‰©æ’è¡Œ",https://health.udn.com/health/story/120952/5544810
"ç ”ç©¶ï¼šæ¤ç‰©æ€§é£²é£Ÿ æ–°å† é‡ç—‡å°‘ï¼Œ","ä½ç¢³æ°´ã€é«˜è›‹ç™½é£²é£Ÿ é‡ç—‡æ©Ÿç‡é«˜",http://dx.doi.org/10.1136/bmjnph-2021-000272
"å½±ç‰‡ï¼šå…¨çƒç´ é£Ÿåäºº"," åƒç´ å¥½å› ç·£",https://youtu.be/rsYVtxHtzc8
"ç ”ç©¶ï¼šåå¼è„‚è‚ªç„¡è«–ä¾†è‡ªäººå·¥æˆ–å¤©ç„¶ï¼Œçš†å¢åŠ å¿ƒè¡€ç®¡ç–¾ç—…æ­»äº¡ç‡ ","ï¼ˆäººé€ å¥¶æ²¹ã€é…¥æ²¹ã€é¤…ä¹¾ã€æ²¹ç‚¸é£Ÿå“ã€ç‰›ç¾Šè‚‰å¥¶â€¦)",https://doi.org/10.1017/s0007114511005897
"å½±ç‰‡ï¼šäºæ´²æœ€å¤§ç§‘æŠ€è¾²å ´ã€€","ç”¨ã€Œæ™ºæ…§ã€ç¨®å‡ºæ•‘å‘½èœ ",https://youtu.be/Tn_itI2Wgfo
"å½±ç‰‡ï¼šå»šé¤˜å»å“ªè£¡ï¼Ÿ","å›æ”¶ç”¨æ–¼å †è‚¥ã€ç™¼é›»ï¼Œæ¸›å°‘ç„šåŒ–çˆè² æ“”",https://youtu.be/LDJ-YC41pZM
"ç‰›å¥¶åˆ¥å–å¤šï¼","ç‘å…¸ç ”ç©¶ï¼šå¥³æ€§æ—¥é€¾ã€Œ300æ¯«å‡ã€å¿ƒè‡Ÿç—…é¢¨éšªå¢21%",https://news.tvbs.com.tw/health/2692402
"ç ”ç©¶ï¼šé»ƒé…®é¡åŒ–åˆç‰©å°å¸•é‡‘æ£®ç—…çš„ä¿è­·æ©Ÿåˆ¶ ~ ","å¤šåƒæ°´æœã€ç©€ç‰©ã€å …æœã€ä»¥åŠè”¬èœ",https://doi.org/10.1155/2015/314560
"ç ”ç©¶ï¼šæ¤ç‰©æ€§é£Ÿç‰©é£²é£Ÿæ”¹å–„å¸•é‡‘æ£®æ°ç—‡æ‚£è€…çš„é‹å‹•è¡¨ç¾","Pilot dietary study ",https://doi.org/10.1179/174313211X12966635733231
"ç ”ç©¶ï¼šå¸•é‡‘æ£®æ°ç—‡é¢¨éšªé™ä½èˆ‡é£²é£Ÿæœ‰é—œ ~  ","æ¤ç‰©æ€§é£²é£Ÿé™ä½é¢¨éšª",https://doi.org/10.1016/j.mehy.2015.08.018
"å½±ç‰‡ï¼šç‚ºä½•é†«å­¸é™¢æ‡‰è©²æ›´é—œæ³¨ç‡Ÿé¤Šæ•™è‚²-- ","Why medical schools should focus more on nutrition? -- Harvard T.H. Chan School of Public Health ",https://youtu.be/2T4VY9adGWQ
"å‹•ç‰©æ€§ vs. æ¤ç‰©æ€§ é£²é£Ÿ ","Atkins vs. China Study diet. Who won? You decide.",https://youtu.be/dIwEmgV8Wdg
"å½±ç‰‡ï¼šé£²é£Ÿã€ç‡Ÿé¤Šå’Œç™Œç—‡  "," T. Colin Campbell, PhD, 2007 National Conference on Prostate Cancer",https://youtu.be/hWfsQv800NU
"ç™Œç—‡é—œæ‡·åŸºé‡‘æœƒã€å…¨é£Ÿç‰©é‹å‹•ã€‘","- ç™Œç—‡é£²é£ŸæŒ‡å°å°ˆç­",https://www.myccf.org.tw/diet-guiding-class
"ç¶ æ´»æ‰æ˜¯ç‹é“ï¼","é†«å¸«å®¶åº­çš„æ–°ç´ é£Ÿé‹å‹•ï¼šæ„Ÿå†’è®Šå°‘ã€ä¸å†æ°£å–˜äº†",https://www.youtube.com/watch?v=cejj4bmUZIk&t=1315s
"å¤©ç„¶è”¬é£Ÿå¯Œå«è›‹ç™½è³ªã€ç¤¦ç‰©è³ªï¼Œ","çœ‹çœ‹å…©ä½è”¬é£Ÿä¸‰åå¹´çš„é†«å¸«å¦‚ä½•èªªã€åŠ‰äº«æœ—ã€å‡Œé›²çªã€‘",https://youtu.be/cejj4bmUZIk
"è¿·æ€ï¼šæ¸›è‚¥ä¸åƒæ¾±ç²‰ï¼Ÿäº‹å¯¦ï¼šæ˜¯è„«æ°´è®“é«”é‡æ¸›è¼•ï¼","ã€é»ƒæƒ å¦‚ / åº·å¥é›œèªŒ ç¬¬148æœŸã€‘è¦ç˜¦ï¼Œå°±è¦åƒæ¾±ç²‰ï¼",https://www.commonhealth.com.tw/article/65044ã€€
"ã€Œé©šäººçš„æ¾±ç²‰æ¸›é‡æ³•ï¼ã€å…¬é–‹ï¼‘ï¼å¤§åŠ©ç˜¦é£Ÿæ ï½ ","ç©€é¡å’Œè”¬èœç‚ºä¸»çš„é£²é£Ÿä¸ä½†è®“äººå¥åº·åˆ°è€ï¼Œé‚„èƒ½é–‹å¿ƒæ¸›é‡",https://www.commonhealth.com.tw/article/68257ã€€
"ç ”ç©¶ï¼šé¦™æ¸¯äººå£½å‘½ä¸–ç•Œç¬¬ä¸€  â€¦  ","ä¸å¸ç…™ã€ä¸é…’é§•",https://doi.org/10.1016/S2468-2667(21)00208-5 
"ç”·æ˜Ÿè¿‘60æ­²å»åƒ40æ­²ï¼å‡é½¡ç«Ÿæ˜¯é åƒç´ ï¼","ã€Œç”±è‘·æ”¹ç´ ã€å¯ä»¥é™ä½å¤šç¨®æ…¢æ€§ç—…çš„å¯èƒ½æ€§",https://health.tvbs.com.tw/amp/strong/344145
"æ°£å€™è®Šé·ã€åœ°çƒå‘Šæ€¥ï¼","ç‚ºä½•é¸æ“‡ç´ é£Ÿèƒ½æ•‘åœ°çƒï¼Ÿ",https://sites.google.com/view/taiwan-electricity/Saving-the-Earth-from-Climate-Crisis
"è±†æ¼¿ç¾ä¹ƒæ»‹ã€ç´ é£Ÿæ²™æ‹‰é†¬ã€‘æ²’æœ‰è›‹å¥¶ ","Vegan Soy Milk Mayonnaise Recipe",https://youtu.be/bDsIjQLBLg4
"æ¤ç‰©æ€§é£²é£Ÿå°æ‹¯æ•‘å…¨çƒé‡ç”Ÿå‹•ç‰©è‡³é—œé‡è¦ â€¦ ","å»‰åƒ¹ä½†æœ‰å®³é£Ÿç‰©çš„æƒ¡æ€§å¾ªç’°æ˜¯å¤§è‡ªç„¶çš„æœ€å¤§ç ´å£è€…",https://www.theguardian.com/environment/2021/feb/03/plant-based-diets-crucial-to-saving-global-wildlife-says-report
"å½±ç‰‡ï¼šå˜—è©¦åƒç´ ï¼Œæˆ‘å€‘ä¸€èµ·å‹å–„ä¸–ç•Œã€æ‰¾åˆ°æ›´å¥½çš„è‡ªå·±ï¼ "," | è”¬é£Ÿ æ‰¾ | TEDxDongWuU",https://youtu.be/H6iTan50Qd8
"å½±ç‰‡ï¼šè°æ˜äººæ‰åƒç´ ï¼Ÿç¾åœ‹é†«å­¸åšå£«è§£å¯†ç´ é£Ÿç‡Ÿé¤Šï¼Œå¥—è·¯é€™éº½æ·±ï¼","è§€è€…Changer",https://youtu.be/JPck7iB-QVU
"ç ”ç©¶ï¼šåƒè‚‰æ¯”åƒç´ æ›´å®¹æ˜“å¢åŠ æ‚£ç™Œé¢¨éšªå—ï¼Ÿ","è‚‰é£Ÿå‹•ç‰©çš„ç½¹ç™Œé¢¨éšªé«˜ [Cancer risk across mammals, Nature 2021]",http://web.tccf.org.tw/lib/addon.php?act=post&id=4895
"ç ”ç©¶ï¼šè‚‰é£Ÿ(å°¤å…¶æ˜¯åƒå“ºä¹³é¡çš„)å‹•ç‰©ç½¹ç™Œé¢¨éšªé«˜"," [Cancer risk across mammals, Nature 2021]",https://www.nature.com/articles/s41586-021-04224-5
"ç ”ç©¶ï¼šæ¤ç‰©æ€§é£²é£Ÿæ”¹å–„å‹ƒèµ·åŠŸèƒ½éšœç¤™","The association between plant-based diet and erectile dysfunction in Chinese men",https://www.ncbi.nlm.nih.gov/pmc/articles/PMC8117588/
"å½±ç‰‡ï¼šæé«˜å…ˆå¤©å…ç–«åŠ› -- ","æ¤ç‰©æ€§é£²é£Ÿ",https://youtu.be/ZiTm6I3SkA0
"å½±ç‰‡ï¼šè›€ç‰™ç«Ÿç„¶å¯ä»¥è‡ªæ„ˆ?!ç‰™é†«æ‰€å­¸ç§˜å¯†å¤§å…¬é–‹ï¼","é é˜²è›€ç‰™çš„æ–¹æ³•",https://youtu.be/OyiCz0CIaNU
"å½±ç‰‡ï¼šå…¨é£Ÿç‰©æ¦‚å¿µ","ã€é£²é£Ÿå¤©ç„¶çš„æœ€å¥½ã€‘",https://youtu.be/HhHooa8FlD4
"å½±ç‰‡ï¼šå®‰å¿ƒè”¬æœå¥åº·åƒï¼Œ","åƒè¬ä¸è¦å†åƒéŒ¯é£Ÿç‰©å›‰ï¼",https://youtu.be/5sGy-WuoagA
"ã€é—œéµé£²é£Ÿã€ï¼š","ã€Œè”¬é£Ÿä¸ä½†èƒ½ä¿ä½äººé¡çš„é’æ˜¥å¥åº·ï¼Œæ›´èƒ½ç‚ºå¾Œä»£å­å­«ç•™ä½ä¸€å€‹æ°¸çºŒå®‰å…¨çš„æœªä¾†ã€‚ã€",https://m.momoshop.com.tw/expertimg/0008/721/687/8721687.html
"å³ä½¿ä¸é‹å‹•ï¼Œé€™äº›è”¬èœä¹Ÿèƒ½å¢è‚Œè‚‰åŠ›é‡","ğŸ’ªå¤§åŠ›æ°´æ‰‹åƒè èœé‚„çœŸæœ‰é“ç†ğŸ˜",https://www.epochtimes.com/b5/22/4/13/n13704821.htm/amp
"ç ”ç©¶ï¼šå¤šåƒç¶ è‘‰è”¬èœå¯å¢å¼·è‚Œè‚‰åŠŸèƒ½","ğŸ’ªå¤§åŠ›æ°´æ‰‹åƒè èœé‚„çœŸæœ‰é“ç†ğŸ˜",https://doi.org/10.1093/jn/nxaa415
"é«˜è›‹ç™½ä½ç¢³æ°´èˆ‡é«˜ç¢³æ°´ä½è›‹ç™½å“ªç¨®é£²é£Ÿæ¯”è¼ƒé•·å£½ï¼Ÿ","30å¹´å¯¦é©—æ­ç§˜ï¼šé«˜ç¢³æ°´åŒ–ï¼ä½è›‹ç™½è³ªå°é¼ æœ€å¥åº·ã€é•·å£½",https://health.udn.com/health/story/6037/6236280
"Food politics: Worse than you thought -- ","ç‚ºä½•ç¾åœ‹å®˜æ–¹é£²é£Ÿå»ºè­°ä¸­â€œå°‘åƒè‚‰â€è¢«â€œé¸æ“‡é£½å’Œè„‚è‚ªå«é‡ä½çš„é£²é£Ÿâ€¦â€¦â€å–ä»£?",https://indyweek.com/food-and-drink/news/food-politics-worse-thought/
"å½±ç‰‡ï¼šå…§æ¹–ã€Œå°å»šæ«ƒå–„å¾ªé£Ÿå ‚ã€çš„â€ä¸‰å¿ƒâ€æ–™ç† -- ","ä½é¹½ã€å°‘æ²¹ã€å¤šæ¨£ï¼Œå¥åº·åˆç’°ä¿çš„è‰¯å¿ƒç´ é£Ÿ",https://youtu.be/exAniNS4PGI
"ç ”ç©¶ï¼šé£Ÿå“ä¸­çš„ä¹³åŒ–åŠ‘ä½¿å¾®ç”Ÿç‰©èŒå¢æ”¹è®Šã€è…¸é“ç‚ç—‡æƒ¡åŒ–","Dietary emulsifiers directly alter human microbiota composition and gene expression ex vivo potentiating intestinal inflammation",https://www.ncbi.nlm.nih.gov/pmc/articles/PMC5940336/
"ç ”ç©¶ï¼šç´…è‚‰æ”å–èˆ‡ç™Œç—‡çš„é—œè¯ -- ","æ‡·ç–‘ç‰›å‚³æŸ“å› ç´ èˆ‡çµç›´è…¸ç™Œæœ‰é—œçš„åŸå› ",https://onlinelibrary.wiley.com/doi/pdf/10.1002/ijc.27413
"è›‹ç™½è³ªåƒå¤ªå¤šï¼Œè…è‡Ÿå£æ›´å¿«ï¼","ä¸€å¼µåœ–æ•™ä½ åˆ¥è®“é«˜è›‹ç™½é£Ÿç‰©è®Šæ¯’è—¥",https://www.edh.tw/article/30148
"ç ”ç©¶ï¼šç…®ç†Ÿçš„è±†é¡å«æœ‰é«˜åº¦æ˜“æ¶ˆåŒ–çš„è›‹ç™½è³ª (>80%!) ","Determination of the protein quality of cooked Canadian pulses",https://doi.org/10.1002/fsn3.473
"é™ä½å¿ƒè¡€ç®¡ç–¾ç—…ç™¼ä½œçš„é£²é£Ÿ -- ","éå¹´æ‡‰è©²ã€Œé€²è£œã€çš„æ˜¯ç•¶ä»¤çš„è”¬èœå’Œæ°´æœ",http://drchenwh.blogspot.com/2014/03/blog-post.html
"ç™¾è¬äººéƒ½åœ¨å­¸ï¼å±…å®¶éš”é›¢è¼•ç—‡æ‚£è€…è‡ªæ•‘æ³• -- ","ä¿¯è‡¥å‘¼å¸é™ä½æ­»äº¡é¢¨éšª",https://health.tvbs.com.tw/medical/328317
"ç‰›å¥¶å¤šå–å¤šå¥åº·ï¼Ÿ","å“ˆä½›ç ”ç©¶ï¼šæ”å–éå¤šæ˜“ç½¹ç™Œã€æ­»äº¡ç‡å‡é«˜",https://youtu.be/0WbhQgk8O5E
"å½±ç‰‡ï¼šæ¤ç‰©æ€§é£²é£Ÿå¦‚ä½•æŒ½æ•‘äº†æˆ‘çš„ç”Ÿå‘½","How A Plant-Based Diet Saved My Life ",https://youtu.be/vLib3_3uf9A
"ç ”ç©¶ï¼šæŸ“ç–«é‡ç—‡é¢¨éšªçš†é™ä½","å¤šåƒè”¬èœçµ¦ä½ é›™é‡é˜²è­·",https://www.epochtimes.com/b5/22/4/1/n13689422.htm
"ç ”ç©¶ï¼šå¯Œå«æ¤ç‰©çš„é£²é£Ÿæœ‰åŠ©æ–¼é é˜²å’Œæ¸›å°‘æ„ŸæŸ“çš„å‚³æ’­","The Young Age and Plant-Based Diet Hypothesis for Low SARS-CoV-2 Infection and COVID-19 Pandemic in Sub-Saharan Africa",https://doi.org/10.1007/s11130-021-00907-6
"ç ”ç©¶ï¼šæ¤ç‰©æ€§é£²é£Ÿæœ‰åŠ©æ–¼æ”¹å–„æ–°å† å¾Œéºç—‡ --","Lifestyle Adjustments in Long-COVID Management: Potential Benefits of Plant-Based Diets",https://link.springer.com/article/10.1007/s13668-021-00369-x
"ç ”ç©¶ï¼šæ¤ç‰©æ€§é£²é£Ÿä¸åƒ…å¥åº·ï¼Œé‚„èƒ½é¤Šæ´»æ›´å¤šäººã€ä¿ƒé€²ç”Ÿç‰©å¤šæ¨£æ€§ã€é¿å…æ°£å€™ç½é›£","It's time for healthcare professionals to demand a plant-based food system",https://doi.org/10.3399/bjgp21X717857
"ç‚ºä»€éº¼æ¤ç‰©æ€§é£²é£Ÿèƒ½ä¿è­·åœ°çƒ?","äººé¡è£½é€ çš„æº«å®¤æ°£é«” 14.5% ä¾†è‡ªç•œç‰§ï¼Œç´„ 70%è¾²åœ°ç”¨æ–¼ç•œé¤Šå‹•ç‰©",https://www.greenconut.com/trivia/health0202/
"ç ”ç©¶ï¼šé•·æœŸä½ç¢³æ°´é«˜è›‹ç™½é£²é£Ÿèˆ‡ç¸½æ­»äº¡ç‡çš„å¢åŠ æœ‰é—œ","Prolonged consumption of diets low in carbohydrates and high in protein is associated with an increase in total mortality",https://www.nature.com/articles/1602557
"ç ”ç©¶ï¼šè‚‰é¡æ”å–é‡ä½çš„éæ´²åœ‹å®¶ï¼Œæ–°å† æŸ“ç–«ç‡ä½","The Young Age and Plant-Based Diet Hypothesis for Low SARS-CoV-2 Infection and COVID-19 Pandemic in Sub-Saharan Africa",https://doi.org/10.1007/s11130-021-00907-6
"ç ”ç©¶ï¼šä½ç¢³æ°´é£²é£Ÿèˆ‡æ˜é¡¯æ›´é«˜ä¹‹å…¨å› æ­»äº¡é¢¨éšªç›¸é—œ","Low-carbohydrate diets and all-cause mortality: a systematic review and meta-analysis of observational studies",https://doi.org/10.1371/journal.pone.0055030
"å½±ç‰‡ï¼šã€èƒ°è‡Ÿç™Œäº”å¤§é¢¨éšªå› å­ã€‘æŠ½è¸ã€å–é…’ã€è‚¥èƒ–ã€é«˜æ²¹é£²é£Ÿã€ç³–å°¿ç—…ï¼›","å¤šåƒåå­—èŠ±ç§‘è”¬èœğŸ¥¦é é˜²èƒ°è‡Ÿç™Œï¼",https://youtu.be/pzKYkdEPhGM
"å½±ç‰‡ï¼šèˆ‡ç—…æ¯’å…±å­˜ å®¶é•·è©²çŸ¥é“çš„äº”ä»¶äº‹ - ","ç‹å§¿å…é†«å¸«",https://www.youtube.com/watch?v=OEQedVoiW_A&t=114s
"å½±ç‰‡ï¼šé†¬æ²¹çš„åˆ©èˆ‡å¼Š","é¿å…åŒ–å­¸é‡€é€ (é—œéµå­—ï¼šæ°´è§£æ¤ç‰©è›‹ç™½/å¤§è±†è›‹ç™½)",https://youtu.be/EQNACoBRD8I
"å½±ç‰‡ï¼šæƒ³é é›¢å¤§è…¸ç™Œï¼Œè¦æ¸›å°‘æ”å–â€”","é«˜è„‚è‚ªé£Ÿç‰©(å¥¶æ²¹ã€è‚¥è‚‰ã€èµ·å¸)ã€ç´…è‚‰èˆ‡åŠ å·¥è‚‰ã€é…’",https://www.youtube.com/shorts/LJJyG9C3fNU
"ç ”ç©¶ï¼šæ“ºè„«é«˜è„‚é£²é£Ÿï¼","ä¸åƒ…ç½¹ç³–å°¿ç—…é‚„æã€Œç ´å£å¤§è…¦ã€",https://news.ltn.com.tw/amp/news/health/breakingnews/3990010
"å½±ç‰‡ï¼šè¶…ç°¡å–®èŒ„å­æ–™ç†ï¼Œçˆ½å£åˆå¥åº·ï¼","Steamed Eggplantâ”‚ç„¡æ²¹æ°´è’¸èŒ„å­â”‚è¾œæƒ é›ª è€å¸«",https://youtu.be/whJsAo1auBc
"ç ”ç©¶ï¼šé…’ç²¾ç‚ºä¸€ç´šè‡´ç™Œç‰©ï¼š"," å®‰å…¨æ”å…¥é‡ç‚ºé›¶ã€è®“è…¦é½¡å¢12æ­²",https://www.epochtimes.com/b5/22/7/7/n13775947.htm
"æ²–ç¹©äººé•·å£½ç¥•è¨£ï¼š","èˆ‡é«˜ç¢³æ°´åŒ–åˆç‰©é£²é£Ÿæœ‰é—œ(ä¸»é£Ÿæ˜¯ç´…è–¯)",https://m.commonhealth.com.tw/amp/article/82926
"ç ”ç©¶ï¼šç”Ÿé…®é£²é£Ÿåˆ¥å†åƒäº†ï¼","ç™Œç—‡ã€å¿ƒè‡Ÿç—…ã€ä¸­é¢¨æ­»äº¡ç‡éƒ½æœƒå¤§å¹…æå‡",https://healthylives.tw/Article/%e7%94%9f%e9%85%ae%e9%a3%b2%e9%a3%9f%e5%88%a5%e5%86%8d%e5%90%83%e4%ba%86%ef%bc%81%e6%9c%80%e6%96%b0%e7%a0%94%e7%a9%b6%ef%bc%9a%e7%99%8c%e7%97%87%e3%80%81%e5%bf%83%e8%87%9f%e7%97%85%e3%80%81%e4%b8%ad%e9%a2%a8%e6%ad%bb%e4%ba%a1%e7%8e%87%e9%83%bd%e6%9c%83%e5%a4%a7%e5%b9%85%e6%8f%90%e5%8d%87-35Qlr19bHfE.html
"å½±ç‰‡ï¼šæŒçºŒè¿‘ä¸€å€‹ä¸–ç´€çš„è¿·æ€ï¼š","é£²é£Ÿèˆ‡å¿ƒè‡Ÿç—…ç„¡é—œï¼Ÿé¡å¤–çš„è›‹ç™½è³ªæ”å–ä¿ƒé€²å»ºåº·ï¼Ÿç¢³æ°´åŒ–åˆç‰©å°è‡´ç³–å°¿ç—…ï¼Ÿ",https://youtu.be/plpiRcVMbg0?t=143
"ç ”ç©¶ï¼šæ¤ç‰©æ€§é£²é£Ÿæ–¼ç¬¬äºŒå‹ç³–å°¿ç—…ç®¡ç†--","æ”¹å–„å¤šé …å¥åº·æŒ‡æ¨™ï¼ŒåŒ…æ‹¬é†£åŒ–è¡€ç´…ç´ ã€é«”é‡ã€ç¸½è†½å›ºé†‡ã€ä½å¯†åº¦è†½å›ºé†‡ï¼Œæ¯”ç³–å°¿ç—…å”æœƒçš„é£²é£ŸæŒ‡å—æ›´å¥½",https://drc.bmj.com/content/6/1/e000534
"å½±ç‰‡ï¼šå¤ªæ¥µé‡‘ç‰Œåœ‹æ‰‹å­«å®¶é–åˆ†äº«æ¤ç‰©æ€§é£²é£Ÿçš„å¥½è™• -- ","æ¢å¾©èƒ½åŠ›è®Šå¥½ã€ç²¾ç¥ç‹€æ…‹è®Šå¥½ï¼Œè¶Šç·´è¶Šå¥åº·ï¼",https://www.youtube.com/watch?v=3icno5JO7zs&t=1670s
"é…’ç²¾ç‚ºä¸€ç´šè‡´ç™Œç‰©ï¼Œ","å°±è‡´ç™Œé¢¨éšªè€Œè¨€ä¸¦ç„¡å®‰å…¨é‡ã€‚",https://www.chp.gov.hk/tc/features/103676.html
"å¤ªå¤šè„‚è‚ªæœƒã€ä¸­æ¯’ã€ï¼Œå°è‡´è¡€ç³–å¤±æ§ï¼š"," æ¸›é‡å°±æœ‰æ©Ÿæœƒé€†è½‰ç³–å°¿ç—…ï¼Œä¸ç”¨å†åƒè—¥ï¼",https://udn.com/news/story/7266/8627782
